month,credit_amount,investment_as_income_percentage,residence_since,age,number_of_credits,people_liable_for,sex,status,housing,skill_level,telephone,foreign_worker,installment_plans,other_debtors,credit_history,purpose,savings,employment,property
14,1029,4,4,1,1,1,0,A14,A151,A172,A191,A201,A143,A101,A32,A42,A63,A73,A123
43,3607,4,4,1,2,1,1,A11,A153,A173,A192,A201,A143,A101,A34,A41,A61,A75,A124
28,1248,4,2,1,1,1,0,A13,A153,A173,A192,A201,A143,A101,A32,A43,A62,A75,A124
25,1627,4,2,1,2,1,1,A12,A152,A173,A191,A201,A142,A101,A33,A49,A62,A75,A122
32,2240,4,1,1,1,2,0,A12,A152,A173,A192,A201,A143,A101,A32,A49,A61,A72,A122
17,4651,1,4,1,1,1,0,A14,A153,A173,A191,A201,A143,A101,A32,A40,A63,A75,A124
43,3751,3,2,0,1,1,1,A12,A152,A173,A191,A201,A143,A101,A32,A40,A62,A74,A122
14,2620,4,3,0,2,1,0,A12,A151,A173,A191,A201,A143,A101,A30,A42,A61,A72,A122
10,1100,4,4,0,1,1,0,A12,A152,A173,A191,A201,A143,A101,A32,A43,A61,A75,A121
9,1296,2,2,1,1,2,1,A12,A152,A172,A191,A201,A143,A101,A32,A43,A61,A73,A121
15,434,4,3,1,2,1,1,A14,A152,A174,A192,A201,A141,A101,A34,A43,A63,A75,A122
6,1093,4,4,1,1,1,0,A11,A153,A173,A191,A201,A143,A101,A31,A46,A61,A75,A124
17,1608,4,4,1,1,1,1,A14,A152,A174,A192,A201,A143,A101,A32,A41,A65,A75,A121
9,742,4,4,0,2,1,1,A11,A152,A172,A191,A201,A143,A101,A34,A43,A61,A73,A121
57,9522,4,2,1,1,1,1,A12,A152,A174,A192,A201,A143,A101,A32,A40,A61,A74,A124
25,5036,1,4,1,2,1,1,A14,A152,A173,A191,A201,A143,A101,A34,A41,A65,A75,A123
25,2067,3,2,1,2,2,1,A14,A152,A173,A192,A201,A143,A101,A34,A43,A65,A75,A123
15,1100,4,2,1,1,1,1,A14,A153,A174,A192,A201,A143,A101,A32,A43,A61,A73,A124
21,2120,3,2,1,2,1,1,A13,A152,A173,A192,A201,A143,A101,A34,A43,A65,A73,A123
15,3480,3,4,1,2,1,1,A12,A152,A173,A192,A201,A141,A101,A30,A41,A62,A75,A123
9,831,4,2,1,2,1,1,A13,A152,A174,A192,A201,A143,A101,A30,A43,A61,A72,A123
6,434,4,2,0,1,2,0,A12,A151,A173,A191,A201,A141,A101,A31,A46,A64,A72,A122
14,1119,4,2,0,1,1,0,A11,A152,A172,A191,A201,A143,A101,A32,A40,A61,A73,A121
10,742,4,3,1,1,1,0,A12,A152,A172,A191,A201,A143,A101,A32,A43,A63,A73,A121
32,2276,3,3,0,1,1,0,A14,A151,A173,A191,A201,A143,A101,A32,A40,A61,A73,A121
6,276,2,2,1,2,1,0,A14,A152,A172,A191,A201,A141,A101,A34,A40,A64,A73,A121
13,831,2,2,1,2,1,1,A14,A152,A172,A191,A201,A143,A101,A34,A43,A63,A73,A122
21,1683,4,4,0,2,1,0,A11,A151,A173,A191,A201,A141,A101,A32,A43,A61,A73,A123
57,5592,4,3,1,1,1,0,A12,A151,A173,A191,A201,A143,A101,A31,A49,A61,A75,A124
21,824,2,4,1,2,1,1,A13,A152,A173,A192,A201,A143,A101,A34,A49,A64,A73,A121
21,3744,1,2,1,1,1,1,A12,A152,A173,A191,A201,A143,A101,A33,A43,A61,A72,A123
21,1248,2,4,0,1,2,1,A11,A151,A172,A191,A201,A143,A101,A32,A43,A61,A73,A121
9,716,4,2,1,1,1,0,A12,A152,A172,A191,A201,A143,A103,A32,A43,A61,A74,A121
28,2305,2,4,1,1,1,0,A14,A151,A173,A192,A201,A143,A101,A32,A41,A64,A73,A123
4,2975,1,1,1,1,2,0,A14,A152,A173,A191,A201,A143,A101,A34,A40,A61,A74,A121
43,3500,3,2,1,1,1,0,A12,A152,A171,A191,A201,A141,A101,A31,A44,A65,A72,A124
28,10027,1,4,0,2,1,0,A12,A151,A174,A191,A201,A143,A101,A32,A41,A61,A73,A123
15,3086,3,4,1,1,2,1,A11,A152,A172,A192,A201,A143,A101,A32,A40,A62,A73,A123
6,4144,1,3,1,2,2,1,A14,A152,A174,A192,A201,A143,A101,A34,A40,A61,A74,A124
36,3751,4,4,1,2,1,0,A12,A151,A172,A191,A201,A143,A101,A30,A49,A62,A73,A123
21,1500,2,3,1,1,1,1,A11,A152,A173,A191,A201,A141,A101,A31,A40,A62,A74,A123
10,716,4,4,0,1,1,1,A12,A152,A172,A191,A201,A142,A101,A31,A43,A61,A73,A121
17,2120,4,3,1,1,1,1,A14,A152,A173,A192,A201,A143,A101,A32,A43,A65,A75,A122
21,1627,4,4,0,1,1,1,A11,A152,A173,A192,A201,A142,A101,A31,A42,A63,A73,A121
32,10027,4,4,1,2,1,1,A11,A152,A174,A192,A201,A143,A101,A34,A42,A65,A74,A122
13,1168,3,1,1,2,1,1,A11,A152,A172,A191,A201,A141,A101,A34,A49,A61,A72,A122
17,2225,1,4,0,1,1,0,A11,A151,A173,A191,A201,A143,A101,A32,A40,A61,A71,A123
14,1159,3,1,1,1,1,0,A11,A152,A172,A191,A201,A143,A101,A32,A40,A61,A72,A121
17,3399,1,3,1,1,1,1,A14,A152,A173,A191,A201,A143,A101,A32,A41,A65,A73,A123
13,1975,2,2,1,1,1,1,A14,A152,A173,A191,A201,A143,A101,A32,A41,A61,A74,A123
6,429,2,1,1,1,1,0,A11,A152,A173,A192,A201,A141,A101,A32,A42,A61,A75,A122
21,902,1,2,0,1,1,0,A11,A152,A172,A191,A201,A143,A101,A32,A40,A61,A72,A123
14,786,2,4,0,1,1,0,A12,A151,A172,A191,A201,A143,A101,A32,A49,A62,A74,A121
36,5036,4,2,0,2,1,0,A14,A152,A173,A191,A201,A143,A101,A34,A43,A61,A74,A123
11,1119,4,4,1,2,2,1,A14,A153,A173,A191,A201,A143,A101,A33,A45,A64,A75,A124
28,1168,4,4,1,1,1,0,A11,A151,A173,A191,A201,A143,A101,A32,A40,A65,A74,A124
6,824,1,1,1,2,2,1,A13,A152,A171,A191,A202,A143,A101,A34,A40,A61,A73,A121
13,814,3,4,1,2,1,1,A13,A153,A173,A192,A201,A143,A101,A34,A43,A65,A73,A124
21,1029,2,2,1,1,1,1,A14,A152,A173,A192,A201,A143,A103,A32,A40,A61,A73,A121
11,434,4,3,1,2,1,1,A11,A152,A173,A191,A201,A143,A101,A34,A40,A61,A75,A122
17,4410,1,4,1,1,1,0,A14,A152,A173,A192,A201,A143,A101,A34,A40,A65,A75,A123
21,1892,4,4,0,2,1,0,A11,A151,A173,A191,A201,A143,A101,A34,A42,A61,A73,A121
11,1433,4,3,0,1,1,1,A11,A152,A172,A191,A201,A143,A101,A32,A43,A61,A73,A122
17,9522,4,4,1,1,1,1,A14,A153,A174,A192,A201,A143,A101,A34,A40,A65,A75,A124
21,1608,4,3,1,2,1,1,A14,A152,A173,A192,A201,A143,A101,A34,A40,A62,A74,A122
11,746,3,3,1,2,1,1,A12,A152,A172,A191,A201,A141,A103,A32,A43,A61,A75,A121
25,2067,2,4,1,1,1,1,A11,A152,A172,A191,A201,A143,A101,A32,A42,A61,A72,A122
11,2562,1,4,1,1,1,0,A14,A151,A173,A191,A201,A143,A101,A32,A41,A65,A72,A121
11,2501,1,4,1,2,1,1,A12,A151,A173,A192,A201,A143,A101,A34,A42,A61,A75,A123
11,1145,2,4,1,2,1,1,A14,A152,A172,A192,A201,A143,A101,A34,A43,A61,A75,A121
28,2485,2,4,1,1,1,0,A11,A151,A173,A191,A201,A143,A101,A32,A41,A65,A75,A121
43,7014,3,2,0,2,1,0,A11,A152,A174,A192,A201,A143,A101,A34,A46,A61,A73,A124
17,2163,1,4,1,1,1,1,A14,A152,A174,A192,A201,A143,A101,A34,A41,A61,A75,A123
21,1433,4,4,1,2,1,1,A14,A152,A173,A191,A201,A141,A101,A34,A43,A62,A75,A122
11,1093,2,4,1,2,1,1,A13,A153,A171,A191,A201,A141,A101,A34,A40,A63,A71,A124
28,1242,4,4,0,1,1,0,A11,A151,A173,A191,A201,A143,A101,A32,A40,A65,A73,A121
28,2305,4,4,1,2,1,1,A14,A152,A173,A192,A201,A143,A101,A34,A40,A61,A74,A123
21,3086,4,1,0,1,1,0,A11,A152,A173,A191,A201,A143,A103,A32,A43,A61,A74,A121
28,3399,4,2,1,2,1,1,A14,A152,A174,A192,A201,A143,A101,A34,A41,A64,A75,A123
21,3399,2,4,1,1,1,0,A12,A152,A173,A192,A201,A143,A101,A32,A45,A61,A71,A123
32,3159,2,2,0,2,1,1,A12,A152,A173,A191,A201,A143,A103,A34,A43,A61,A74,A121
21,1242,4,4,1,1,1,1,A14,A152,A173,A192,A201,A143,A101,A34,A40,A64,A75,A121
11,1085,2,2,1,1,1,1,A12,A152,A172,A192,A201,A143,A101,A30,A48,A61,A73,A121
14,781,4,2,0,1,1,0,A12,A152,A172,A191,A201,A141,A101,A32,A40,A62,A72,A122
15,3744,1,4,1,1,1,1,A12,A152,A174,A192,A201,A143,A101,A32,A41,A65,A71,A121
15,1242,4,2,1,1,1,1,A12,A152,A172,A192,A201,A143,A101,A32,A49,A64,A73,A122
21,1693,3,4,1,1,1,1,A14,A152,A173,A191,A201,A143,A101,A32,A43,A63,A75,A123
43,1693,4,3,1,2,2,1,A14,A152,A173,A192,A201,A143,A101,A34,A41,A65,A75,A123
43,3480,4,4,1,1,1,1,A12,A153,A173,A191,A201,A143,A101,A33,A46,A61,A75,A124
32,3480,4,3,1,1,1,1,A11,A152,A173,A192,A201,A141,A101,A34,A46,A61,A73,A124
25,1085,2,4,1,1,2,0,A12,A152,A173,A191,A201,A143,A101,A32,A49,A61,A75,A122
21,3607,3,4,1,1,2,1,A14,A152,A174,A192,A201,A143,A101,A32,A41,A65,A75,A123
6,781,1,2,1,2,1,1,A14,A152,A173,A191,A201,A143,A101,A34,A42,A65,A73,A122
21,1892,3,4,1,1,1,1,A13,A153,A173,A191,A201,A143,A101,A32,A42,A61,A75,A124
21,2044,4,3,1,1,1,1,A14,A151,A173,A192,A201,A143,A101,A32,A42,A63,A75,A124
10,2044,2,4,0,1,1,0,A14,A151,A173,A191,A201,A143,A101,A32,A42,A62,A72,A122
15,4651,1,4,1,1,2,1,A11,A153,A173,A192,A201,A143,A101,A32,A41,A65,A75,A122
14,1145,2,4,0,2,1,0,A14,A151,A172,A191,A201,A143,A101,A34,A42,A61,A72,A122
21,579,4,4,1,2,1,1,A14,A152,A173,A192,A201,A143,A101,A33,A40,A65,A75,A123
9,1119,4,2,1,1,1,1,A12,A152,A171,A191,A201,A143,A101,A32,A40,A65,A72,A121
21,1122,4,4,1,2,2,1,A14,A153,A173,A191,A201,A143,A101,A34,A46,A61,A75,A124
21,1608,3,4,1,2,1,0,A12,A151,A172,A192,A201,A141,A103,A34,A43,A61,A75,A121
23,3744,1,4,0,2,1,0,A11,A152,A173,A191,A201,A143,A101,A34,A42,A61,A75,A122
11,710,4,4,1,2,1,1,A14,A152,A173,A191,A201,A143,A101,A34,A43,A65,A75,A123
14,6503,1,2,0,1,1,0,A12,A151,A171,A191,A201,A143,A101,A32,A40,A65,A71,A121
28,6503,2,1,0,1,1,1,A11,A152,A173,A192,A201,A143,A101,A32,A40,A61,A74,A123
6,429,3,3,1,1,1,1,A12,A152,A172,A191,A202,A143,A101,A32,A43,A61,A72,A121
11,710,4,4,1,3,1,1,A14,A152,A173,A191,A201,A143,A101,A34,A43,A65,A75,A121
36,6680,1,2,1,1,1,1,A12,A153,A174,A192,A201,A141,A101,A31,A41,A61,A71,A124
17,1593,2,1,1,2,1,0,A12,A151,A171,A191,A201,A143,A101,A30,A40,A61,A72,A121
6,703,3,2,1,1,1,1,A12,A152,A173,A192,A201,A143,A101,A32,A49,A61,A72,A121
6,276,3,3,1,1,1,1,A12,A152,A172,A191,A201,A141,A103,A32,A43,A61,A74,A121
28,6680,4,4,0,2,1,1,A11,A152,A173,A192,A201,A143,A101,A34,A41,A61,A74,A123
43,2044,3,4,1,1,1,1,A11,A152,A173,A191,A201,A143,A101,A32,A44,A61,A73,A123
43,2620,4,4,1,1,2,1,A11,A153,A173,A191,A201,A143,A101,A32,A40,A61,A74,A124
43,6468,2,2,1,1,1,0,A12,A151,A173,A191,A201,A143,A101,A33,A40,A61,A73,A122
6,902,1,4,1,1,1,1,A14,A152,A173,A191,A201,A143,A101,A32,A44,A63,A73,A121
6,1400,1,2,0,2,1,0,A14,A151,A173,A192,A201,A143,A101,A34,A43,A61,A74,A123
28,13572,2,3,1,1,1,1,A11,A152,A174,A191,A201,A143,A102,A32,A410,A61,A71,A123
15,965,4,3,1,1,1,1,A11,A152,A173,A191,A201,A141,A101,A32,A43,A61,A73,A121
11,742,3,2,1,2,1,1,A14,A152,A173,A192,A201,A143,A101,A32,A40,A61,A73,A121
11,1975,3,1,0,1,1,1,A13,A152,A173,A191,A201,A143,A101,A32,A43,A61,A73,A123
28,1693,2,2,1,1,2,1,A11,A152,A173,A191,A201,A141,A101,A32,A42,A61,A75,A122
6,623,4,4,1,2,1,1,A11,A152,A172,A191,A201,A143,A101,A34,A40,A61,A75,A121
15,2581,3,2,1,2,1,1,A14,A152,A174,A192,A201,A143,A101,A34,A42,A61,A72,A123
17,1145,4,3,1,2,1,1,A11,A152,A173,A192,A201,A143,A101,A34,A40,A61,A75,A123
21,3480,1,4,1,3,1,0,A11,A151,A173,A192,A201,A141,A101,A34,A40,A61,A75,A121
15,3086,2,2,1,2,2,1,A14,A152,A173,A191,A201,A142,A101,A30,A49,A61,A73,A123
28,5592,3,4,1,1,1,1,A11,A153,A173,A191,A201,A143,A101,A32,A41,A65,A75,A124
43,3901,4,4,1,1,2,1,A12,A153,A173,A192,A201,A143,A101,A33,A49,A65,A73,A124
21,1557,4,2,1,2,2,1,A14,A152,A173,A192,A201,A143,A101,A33,A49,A63,A73,A123
21,1109,4,3,0,1,1,0,A11,A151,A173,A192,A201,A143,A101,A32,A40,A61,A72,A123
43,7266,2,4,1,2,1,1,A11,A151,A173,A191,A201,A143,A101,A30,A49,A61,A75,A123
28,4444,2,4,1,1,1,0,A12,A152,A173,A192,A201,A143,A101,A32,A43,A65,A75,A123
17,2067,2,3,0,1,1,0,A13,A152,A172,A191,A201,A143,A101,A32,A43,A61,A72,A121
11,716,4,4,1,2,1,1,A11,A152,A173,A191,A201,A141,A101,A30,A40,A61,A73,A123
14,824,4,2,0,1,1,0,A14,A152,A173,A191,A201,A143,A101,A32,A43,A65,A73,A123
4,579,1,3,0,1,2,0,A14,A151,A172,A191,A201,A143,A101,A32,A42,A61,A72,A121
21,1945,4,4,1,2,1,1,A11,A152,A173,A192,A201,A143,A101,A34,A41,A61,A75,A122
21,1683,4,3,1,2,1,1,A14,A152,A173,A191,A201,A143,A102,A34,A43,A61,A75,A121
28,3159,4,2,1,1,1,1,A11,A152,A173,A191,A201,A143,A101,A32,A42,A61,A74,A122
17,1945,3,2,1,2,1,1,A14,A152,A172,A191,A201,A142,A101,A33,A41,A61,A73,A121
21,1736,4,4,0,1,1,0,A14,A152,A173,A191,A201,A143,A101,A32,A45,A61,A72,A121
21,1119,4,4,1,1,1,1,A14,A152,A173,A192,A201,A141,A101,A31,A49,A61,A74,A123
15,2276,4,4,1,2,2,1,A14,A152,A173,A192,A201,A141,A101,A32,A42,A61,A75,A122
17,2639,2,3,1,1,1,1,A12,A152,A173,A192,A201,A143,A101,A32,A42,A65,A74,A123
15,4144,2,4,1,2,1,1,A14,A151,A173,A191,A201,A143,A101,A32,A40,A65,A73,A123
21,786,4,2,1,1,1,1,A14,A152,A173,A191,A201,A143,A101,A32,A40,A61,A72,A121
9,1007,3,4,1,1,1,1,A11,A152,A173,A191,A201,A143,A101,A32,A43,A61,A74,A121
11,579,4,4,1,1,1,1,A11,A152,A172,A191,A201,A142,A101,A32,A43,A61,A75,A121
15,1500,4,2,1,2,1,1,A11,A151,A173,A191,A202,A141,A103,A34,A40,A61,A73,A122
21,2815,3,4,1,2,1,1,A14,A152,A173,A192,A201,A143,A101,A34,A41,A65,A74,A122
13,1089,4,4,1,2,1,1,A14,A153,A173,A192,A201,A143,A101,A34,A43,A61,A73,A124
15,1085,4,4,1,2,2,1,A11,A153,A172,A191,A201,A143,A101,A31,A40,A61,A74,A124
28,7266,2,2,1,2,2,1,A14,A152,A173,A192,A201,A143,A101,A33,A40,A61,A75,A123
21,1093,4,3,1,1,1,1,A14,A152,A173,A192,A201,A143,A101,A32,A40,A62,A72,A121
11,831,4,3,1,1,1,0,A14,A152,A173,A192,A201,A143,A101,A32,A48,A65,A74,A122
13,2225,4,2,1,1,1,1,A14,A153,A173,A192,A201,A143,A101,A34,A42,A61,A73,A124
17,3474,3,2,1,1,1,0,A11,A152,A173,A192,A201,A143,A101,A32,A40,A61,A73,A122
9,2307,1,2,1,1,2,1,A14,A151,A173,A191,A202,A143,A103,A32,A40,A62,A73,A121
21,3474,4,2,1,2,1,1,A14,A152,A173,A191,A201,A143,A101,A34,A41,A64,A73,A121
15,1352,4,2,1,1,1,1,A14,A152,A173,A192,A201,A143,A101,A33,A49,A61,A73,A123
28,2163,4,4,1,1,1,0,A11,A152,A173,A192,A201,A143,A101,A32,A43,A61,A72,A121
23,3086,4,2,1,2,2,1,A14,A152,A172,A192,A201,A142,A101,A34,A42,A64,A72,A121
10,1400,2,2,0,1,1,1,A14,A151,A172,A191,A201,A141,A101,A32,A42,A61,A73,A121
17,1975,2,4,0,1,1,0,A14,A151,A173,A191,A201,A143,A101,A32,A42,A63,A73,A123
21,2120,4,1,1,1,1,0,A11,A152,A173,A191,A201,A142,A101,A32,A43,A61,A72,A123
11,2225,2,4,1,1,1,1,A14,A152,A173,A191,A201,A142,A101,A34,A42,A61,A75,A122
28,4651,3,2,1,2,1,1,A14,A152,A173,A191,A201,A143,A101,A32,A49,A65,A75,A122
14,623,4,4,0,1,1,0,A11,A151,A173,A191,A201,A143,A101,A32,A42,A61,A75,A122
43,6680,2,4,1,2,1,0,A14,A152,A173,A192,A201,A143,A101,A33,A42,A63,A74,A123
6,902,1,4,1,2,2,1,A13,A152,A173,A191,A202,A143,A101,A34,A40,A61,A75,A121
21,1007,4,1,1,2,1,1,A11,A152,A173,A192,A201,A143,A101,A34,A49,A62,A74,A121
17,814,4,1,0,1,1,0,A14,A152,A173,A191,A201,A143,A101,A32,A44,A65,A72,A121
11,2485,2,2,1,1,2,1,A11,A152,A172,A191,A201,A143,A102,A32,A42,A61,A73,A122
13,1200,4,4,1,2,1,0,A12,A152,A173,A191,A201,A143,A101,A34,A40,A64,A73,A123
15,1242,3,4,1,1,1,1,A11,A153,A174,A192,A201,A141,A102,A31,A43,A61,A72,A124
28,2485,4,2,1,1,1,1,A14,A152,A173,A191,A201,A143,A101,A32,A43,A61,A75,A123
9,1085,3,2,1,1,1,1,A11,A153,A174,A192,A201,A143,A101,A32,A40,A61,A72,A124
25,4144,2,3,1,2,1,1,A14,A152,A173,A191,A201,A143,A101,A34,A43,A65,A74,A122
21,5036,3,3,1,1,1,1,A14,A152,A174,A192,A201,A143,A101,A32,A41,A61,A74,A123
21,6503,2,4,1,1,1,1,A14,A153,A173,A192,A201,A143,A101,A32,A41,A65,A73,A124
25,1400,4,4,1,2,1,1,A12,A152,A173,A191,A201,A143,A101,A34,A40,A65,A75,A121
21,1007,4,4,1,2,1,0,A14,A152,A171,A191,A201,A143,A101,A34,A43,A61,A71,A123
21,2975,3,3,1,1,1,1,A12,A152,A173,A192,A201,A143,A101,A32,A42,A61,A74,A123
14,746,4,4,1,1,1,0,A11,A152,A173,A191,A201,A143,A101,A32,A46,A61,A72,A122
21,1736,4,3,1,2,2,1,A12,A152,A173,A192,A201,A143,A101,A34,A49,A65,A74,A124
43,13572,2,2,0,1,1,1,A12,A152,A173,A192,A201,A143,A101,A32,A49,A61,A73,A123
28,3901,4,4,1,2,1,1,A14,A152,A174,A192,A201,A143,A101,A34,A40,A61,A75,A123
25,5592,3,4,1,2,2,1,A14,A151,A173,A192,A201,A141,A103,A31,A41,A65,A72,A121
23,1593,4,4,1,3,2,1,A11,A152,A174,A192,A201,A142,A101,A34,A49,A61,A75,A123
13,1200,4,4,1,2,1,1,A14,A152,A173,A192,A201,A143,A101,A34,A43,A61,A75,A123
11,1352,4,4,1,2,1,1,A11,A152,A172,A191,A202,A141,A101,A34,A40,A61,A73,A122
28,3474,3,4,1,2,1,1,A12,A152,A173,A192,A201,A143,A101,A34,A41,A61,A73,A123
15,781,4,3,1,2,1,1,A14,A152,A173,A192,A201,A143,A101,A34,A43,A65,A73,A122
28,6468,3,2,1,1,2,1,A14,A152,A174,A192,A201,A142,A101,A33,A41,A65,A74,A123
25,2307,4,4,1,1,1,0,A11,A151,A174,A192,A201,A143,A101,A32,A43,A61,A72,A122
14,1433,3,2,1,1,1,0,A14,A152,A173,A191,A202,A143,A101,A34,A42,A64,A74,A122
17,1945,1,4,1,1,1,0,A14,A151,A172,A191,A201,A141,A101,A32,A42,A65,A74,A121
15,2975,2,3,1,1,1,1,A11,A152,A173,A191,A201,A143,A102,A32,A42,A61,A73,A123
14,1683,2,4,1,1,1,1,A11,A151,A173,A192,A201,A141,A103,A34,A40,A61,A75,A122
15,2276,2,4,1,2,1,1,A14,A152,A173,A192,A201,A143,A101,A34,A40,A65,A72,A121
28,7014,2,4,1,2,1,1,A14,A153,A173,A191,A201,A143,A101,A34,A41,A65,A75,A124
13,1029,4,2,1,1,1,1,A14,A151,A173,A192,A201,A143,A101,A32,A43,A65,A73,A121
21,824,4,1,1,1,1,1,A14,A152,A174,A192,A201,A143,A101,A32,A43,A61,A75,A121
11,742,2,2,0,1,2,1,A11,A151,A174,A192,A201,A143,A101,A32,A43,A61,A73,A121
17,2562,2,2,0,1,1,1,A11,A152,A172,A191,A202,A143,A102,A32,A40,A65,A74,A121
28,2562,2,2,1,1,1,1,A12,A152,A173,A191,A201,A143,A101,A32,A46,A65,A73,A123
17,3159,1,2,1,2,1,0,A14,A152,A172,A191,A201,A143,A101,A33,A41,A61,A72,A122
10,2815,1,2,1,1,1,0,A12,A152,A172,A191,A201,A143,A101,A32,A40,A65,A73,A121
43,3901,4,4,1,2,1,0,A14,A152,A173,A191,A201,A143,A101,A33,A43,A61,A73,A121
28,4144,2,4,0,1,1,0,A12,A152,A172,A191,A201,A141,A101,A34,A42,A61,A72,A123
36,2639,2,4,0,1,1,0,A12,A152,A173,A191,A201,A143,A101,A32,A43,A65,A75,A123
10,1296,1,2,1,1,1,1,A14,A152,A173,A192,A201,A143,A101,A32,A49,A64,A75,A121
21,2163,4,2,1,1,1,1,A11,A151,A173,A192,A201,A143,A101,A31,A49,A61,A73,A122
57,13572,1,2,1,1,1,0,A12,A152,A174,A192,A202,A141,A101,A30,A410,A61,A73,A122
10,1736,1,2,1,1,2,1,A14,A152,A173,A191,A201,A143,A102,A32,A41,A62,A73,A121
6,10027,1,4,1,1,1,1,A11,A152,A174,A192,A201,A141,A101,A32,A40,A61,A75,A124
21,1539,1,1,1,1,1,1,A11,A152,A173,A191,A201,A143,A101,A32,A42,A62,A71,A122
21,2240,4,2,1,1,1,1,A11,A151,A174,A192,A201,A143,A101,A32,A42,A61,A75,A122
21,1627,4,2,1,2,1,0,A14,A152,A173,A191,A201,A143,A101,A34,A42,A61,A73,A124
43,9522,4,1,1,1,1,1,A14,A152,A174,A192,A201,A143,A101,A33,A43,A63,A74,A123
10,1238,3,4,0,1,1,0,A11,A151,A173,A191,A201,A143,A101,A32,A43,A61,A72,A122
11,1248,3,4,1,1,2,1,A12,A151,A173,A192,A201,A143,A101,A32,A40,A61,A74,A122
21,4410,2,1,1,1,1,1,A11,A152,A173,A192,A201,A141,A101,A31,A42,A61,A72,A122
11,434,4,2,1,2,1,1,A11,A152,A173,A192,A201,A141,A101,A31,A40,A61,A72,A123
21,965,4,4,0,1,1,0,A11,A151,A173,A191,A201,A143,A101,A34,A42,A61,A72,A122
43,7014,4,4,1,2,2,1,A11,A153,A173,A192,A201,A142,A101,A32,A41,A61,A74,A124
25,1238,4,4,1,1,1,1,A14,A152,A173,A192,A201,A143,A101,A32,A43,A65,A75,A123
11,965,4,2,1,2,2,1,A11,A152,A172,A191,A201,A143,A101,A33,A40,A61,A73,A121
21,1168,4,1,0,1,1,1,A11,A152,A172,A191,A202,A143,A102,A32,A42,A61,A72,A122
10,1500,4,2,0,1,1,0,A12,A152,A173,A192,A201,A143,A101,A32,A43,A61,A72,A123
9,786,3,1,1,2,1,1,A14,A152,A173,A191,A201,A143,A101,A34,A40,A61,A73,A121
11,429,4,4,1,2,2,1,A14,A152,A173,A192,A201,A143,A101,A34,A43,A63,A75,A122
14,1352,4,1,0,1,1,0,A11,A152,A173,A191,A201,A141,A101,A32,A43,A61,A73,A123
25,1238,4,3,1,2,1,1,A12,A152,A174,A191,A201,A142,A101,A33,A43,A62,A72,A124
10,703,3,2,1,1,1,0,A13,A152,A172,A191,A201,A143,A101,A32,A43,A61,A73,A121
6,1275,4,3,1,1,1,1,A12,A151,A174,A192,A201,A143,A101,A32,A43,A61,A72,A123
57,3500,4,4,1,1,1,1,A12,A153,A173,A191,A201,A143,A101,A32,A46,A61,A73,A124
21,4144,2,4,1,2,2,1,A14,A152,A174,A192,A201,A143,A101,A34,A41,A65,A73,A122
11,2276,2,3,1,1,2,1,A14,A152,A174,A192,A201,A143,A101,A32,A40,A65,A72,A122
10,1109,3,2,1,1,2,1,A14,A152,A172,A191,A202,A143,A101,A32,A40,A61,A73,A121
21,703,4,2,1,1,1,1,A14,A152,A173,A192,A201,A142,A101,A32,A42,A65,A74,A123
4,1089,2,1,1,2,2,1,A14,A152,A172,A191,A201,A143,A101,A34,A40,A61,A74,A121
17,1651,4,1,1,1,1,0,A11,A151,A173,A191,A201,A143,A103,A32,A42,A61,A72,A122
57,7266,1,1,1,2,1,0,A12,A152,A173,A191,A201,A143,A101,A30,A40,A63,A72,A123
21,2240,4,4,1,1,2,1,A11,A153,A173,A192,A201,A143,A101,A31,A42,A63,A72,A124
11,1892,4,4,1,1,1,1,A14,A152,A174,A192,A201,A143,A101,A32,A40,A65,A71,A124
15,1109,4,1,1,1,2,1,A14,A152,A172,A191,A201,A143,A102,A32,A42,A61,A72,A122
21,2501,2,4,1,2,1,1,A14,A152,A173,A191,A201,A143,A101,A32,A43,A62,A75,A123
15,2485,3,3,1,2,2,1,A12,A152,A171,A192,A201,A143,A101,A34,A49,A61,A71,A123
28,1352,2,1,0,2,1,1,A11,A152,A173,A192,A201,A143,A101,A33,A49,A61,A74,A123
28,3607,3,4,1,1,1,0,A12,A151,A173,A191,A201,A143,A101,A32,A41,A63,A72,A123
43,9522,4,2,1,2,1,0,A14,A152,A174,A192,A201,A143,A101,A32,A42,A61,A71,A123
14,1693,4,4,1,1,1,0,A11,A152,A173,A192,A201,A143,A103,A32,A40,A61,A73,A122
28,1122,4,4,1,2,1,0,A11,A151,A174,A192,A201,A143,A101,A34,A43,A64,A75,A122
25,2562,4,4,1,2,1,1,A13,A152,A172,A191,A201,A142,A101,A34,A43,A65,A75,A122
9,746,2,4,1,2,1,1,A12,A152,A172,A191,A201,A143,A101,A34,A43,A61,A75,A121
25,2815,3,2,1,1,1,1,A11,A152,A172,A191,A201,A143,A101,A32,A40,A61,A73,A123
21,2044,4,4,1,1,1,1,A12,A153,A173,A191,A201,A143,A101,A32,A42,A62,A75,A124
6,1159,2,2,1,2,1,1,A14,A151,A173,A191,A201,A143,A101,A34,A43,A61,A75,A121
17,1539,1,4,1,2,1,1,A12,A152,A173,A191,A201,A143,A101,A33,A40,A61,A73,A122
13,2305,3,2,1,1,1,1,A14,A152,A173,A191,A201,A143,A101,A32,A40,A65,A73,A124
21,1593,3,2,1,2,1,1,A14,A152,A173,A192,A201,A141,A101,A32,A43,A63,A75,A123
6,276,3,1,0,1,1,1,A12,A152,A172,A191,A201,A143,A101,A32,A45,A61,A72,A122
36,1539,4,1,1,1,1,0,A12,A152,A173,A191,A201,A143,A101,A32,A43,A65,A73,A123
23,1651,4,2,0,2,1,1,A12,A152,A172,A191,A201,A143,A101,A34,A43,A63,A73,A122
17,3137,4,2,1,1,1,0,A14,A151,A174,A192,A201,A141,A101,A32,A43,A61,A75,A123
36,4410,2,4,1,1,1,1,A14,A151,A173,A192,A201,A143,A101,A32,A43,A65,A74,A122
10,2620,1,2,1,2,2,1,A11,A152,A172,A191,A201,A143,A101,A34,A40,A61,A73,A121
13,1100,4,2,0,1,1,1,A12,A152,A173,A191,A201,A143,A103,A32,A45,A62,A73,A121
21,4444,1,4,1,1,2,1,A14,A152,A172,A191,A201,A143,A101,A32,A40,A61,A73,A122
28,1089,1,4,1,2,1,0,A11,A151,A171,A191,A201,A143,A102,A31,A40,A61,A71,A124
57,4444,4,4,1,1,1,1,A11,A151,A173,A191,A201,A143,A102,A32,A49,A61,A75,A124
36,2501,4,2,1,1,1,0,A14,A152,A173,A192,A201,A143,A101,A34,A43,A61,A73,A123
28,1145,3,3,1,1,1,0,A13,A152,A172,A191,A201,A143,A101,A32,A43,A63,A73,A123
6,710,2,3,1,1,1,0,A12,A152,A173,A191,A201,A143,A103,A32,A43,A61,A73,A121
15,1593,4,2,1,2,1,1,A12,A152,A173,A191,A201,A143,A101,A33,A49,A65,A75,A122
21,1651,4,4,1,2,2,1,A14,A152,A172,A191,A201,A143,A101,A33,A40,A61,A75,A123
13,814,2,2,0,1,1,1,A12,A151,A173,A191,A201,A143,A101,A31,A40,A62,A73,A122
25,6468,2,2,1,1,1,1,A12,A152,A173,A191,A201,A143,A101,A34,A42,A61,A74,A122
43,3137,3,2,1,1,1,1,A14,A151,A174,A192,A201,A141,A101,A32,A49,A61,A71,A123
25,2581,1,1,1,1,1,0,A13,A152,A174,A192,A201,A141,A101,A32,A40,A62,A73,A123
28,5592,2,2,1,1,2,1,A11,A152,A173,A191,A201,A143,A101,A32,A41,A61,A73,A122
21,1275,2,2,1,2,1,1,A14,A152,A172,A191,A201,A143,A101,A34,A42,A61,A74,A122
17,1296,4,3,0,2,1,0,A11,A151,A173,A191,A201,A143,A101,A34,A42,A61,A73,A122
36,3500,2,1,1,2,1,1,A13,A152,A173,A191,A201,A143,A101,A30,A49,A61,A72,A122
15,1275,2,4,1,1,1,0,A14,A152,A173,A191,A201,A143,A101,A32,A43,A62,A71,A121
21,3751,4,2,1,1,1,1,A11,A153,A174,A192,A201,A143,A101,A32,A41,A61,A71,A124
21,1159,4,2,1,2,1,1,A12,A152,A172,A191,A201,A143,A101,A34,A43,A61,A75,A122
11,2307,2,1,1,2,2,1,A14,A152,A172,A191,A201,A143,A101,A34,A46,A65,A72,A122
13,1122,4,4,1,1,2,1,A14,A152,A172,A191,A201,A141,A101,A31,A43,A62,A75,A123
15,1238,2,4,0,2,1,1,A11,A151,A172,A191,A201,A143,A101,A32,A43,A65,A74,A123
28,2639,4,3,1,1,1,1,A11,A152,A174,A192,A201,A143,A101,A32,A42,A61,A71,A122
11,1557,4,3,1,1,1,1,A14,A152,A173,A192,A201,A143,A101,A32,A40,A65,A75,A123
14,1557,3,4,1,1,1,0,A14,A152,A172,A191,A201,A143,A101,A32,A42,A61,A74,A121
25,2581,4,4,1,1,1,1,A11,A152,A174,A192,A201,A143,A101,A32,A41,A61,A73,A122
11,623,4,4,1,1,1,1,A14,A152,A173,A191,A201,A143,A101,A32,A43,A61,A75,A123
43,1200,4,4,0,1,1,1,A11,A153,A173,A192,A201,A143,A101,A32,A43,A61,A73,A124
43,3137,3,4,1,1,1,1,A12,A152,A173,A191,A201,A143,A101,A34,A41,A62,A71,A123
5,1028,4,4,1,2,1,1,A11,A152,A173,A192,A201,A143,A101,A34,A43,A65,A75,A121
48,5951,2,2,0,1,1,0,A12,A152,A173,A191,A201,A143,A101,A32,A43,A61,A73,A121
11,1755,2,3,1,1,2,1,A14,A152,A172,A191,A201,A143,A101,A34,A46,A61,A74,A121
42,7485,2,4,1,1,2,1,A11,A153,A173,A191,A201,A143,A103,A32,A42,A61,A74,A122
22,3972,3,4,1,2,2,1,A11,A153,A173,A191,A201,A143,A101,A33,A40,A61,A73,A124
33,8133,2,4,1,1,2,1,A14,A153,A172,A192,A201,A143,A101,A32,A46,A65,A73,A124
22,2406,3,4,1,1,1,1,A14,A152,A173,A191,A201,A143,A101,A32,A42,A63,A75,A122
33,6143,2,2,1,1,1,1,A12,A151,A174,A192,A201,A143,A101,A32,A41,A61,A73,A123
11,2748,2,4,1,1,1,1,A14,A152,A172,A191,A201,A143,A101,A32,A43,A64,A74,A121
30,4308,4,2,1,2,1,1,A12,A152,A174,A191,A201,A143,A101,A34,A40,A61,A71,A123
12,1295,3,1,0,1,1,0,A12,A151,A173,A191,A201,A143,A101,A32,A40,A61,A72,A123
48,4308,3,4,0,1,1,0,A11,A151,A173,A191,A201,A143,A101,A32,A49,A61,A72,A122
12,1567,1,1,0,1,1,0,A12,A152,A173,A192,A201,A143,A101,A32,A43,A61,A73,A123
22,1042,4,4,1,2,1,1,A11,A152,A172,A191,A201,A143,A101,A34,A40,A61,A75,A123
15,1403,2,4,1,1,1,0,A11,A151,A173,A191,A201,A143,A101,A32,A40,A61,A73,A123
24,1282,4,2,1,1,1,0,A11,A152,A172,A191,A201,A143,A101,A32,A43,A62,A73,A123
22,2039,4,4,1,2,1,1,A14,A152,A173,A191,A201,A143,A101,A34,A43,A65,A75,A122
30,7721,2,3,0,3,1,1,A11,A152,A173,A191,A201,A141,A101,A30,A49,A65,A72,A123
24,12579,4,2,1,1,1,0,A12,A153,A174,A192,A201,A143,A101,A32,A41,A61,A75,A124
22,3181,3,2,1,1,2,1,A14,A152,A173,A192,A201,A143,A101,A32,A43,A63,A75,A123
8,1837,4,4,1,3,1,1,A14,A152,A173,A192,A201,A143,A101,A34,A40,A61,A73,A123
5,2171,2,3,1,1,2,1,A11,A151,A173,A191,A201,A143,A101,A32,A43,A63,A73,A121
10,1864,1,3,1,2,2,1,A11,A151,A172,A191,A202,A143,A101,A34,A40,A61,A72,A121
11,1459,3,4,1,1,1,1,A12,A152,A173,A191,A201,A143,A101,A34,A41,A62,A72,A122
10,1659,2,1,1,2,1,1,A14,A152,A173,A191,A202,A143,A101,A34,A42,A65,A73,A123
5,1283,1,2,1,1,1,1,A11,A152,A172,A192,A201,A141,A101,A32,A42,A61,A73,A121
5,362,4,4,1,1,1,1,A14,A152,A172,A191,A201,A143,A101,A30,A43,A61,A75,A123
12,409,3,3,1,2,1,0,A13,A151,A173,A191,A201,A143,A101,A31,A43,A64,A73,A121
7,2039,3,2,1,1,1,1,A12,A152,A173,A191,A201,A143,A103,A32,A43,A61,A73,A121
48,5954,3,4,1,2,1,1,A11,A152,A173,A192,A201,A143,A101,A33,A49,A61,A75,A124
18,1532,3,3,1,1,1,1,A12,A152,A173,A192,A201,A141,A101,A32,A49,A64,A72,A121
22,3599,2,2,1,1,1,1,A11,A152,A173,A191,A201,A142,A101,A32,A42,A61,A73,A123
18,4795,2,2,1,2,1,1,A12,A152,A173,A192,A201,A143,A101,A32,A40,A62,A73,A123
11,1190,4,4,1,1,1,1,A14,A151,A172,A191,A201,A143,A101,A34,A49,A65,A75,A124
12,1474,4,1,1,1,1,0,A13,A152,A174,A192,A201,A141,A101,A32,A42,A61,A72,A122
42,3812,4,2,0,2,1,1,A12,A152,A172,A191,A201,A143,A101,A34,A43,A61,A72,A122
47,5096,1,3,1,1,1,1,A14,A153,A173,A192,A201,A141,A101,A34,A46,A61,A73,A124
18,1755,4,2,1,1,1,1,A13,A152,A173,A191,A201,A142,A102,A32,A43,A61,A73,A121
10,1113,2,2,1,1,1,1,A13,A152,A173,A192,A201,A143,A101,A32,A44,A61,A73,A123
8,385,4,3,0,1,1,1,A12,A152,A173,A191,A201,A143,A101,A32,A43,A61,A73,A121
30,1967,4,2,1,1,1,1,A14,A152,A174,A191,A201,A141,A101,A32,A43,A63,A75,A123
11,996,3,1,1,1,1,1,A12,A152,A173,A192,A201,A143,A101,A32,A43,A63,A73,A123
18,5129,2,4,1,1,2,1,A12,A152,A172,A192,A201,A143,A101,A33,A45,A61,A73,A121
30,5096,1,4,0,2,1,1,A11,A151,A173,A191,A201,A143,A101,A34,A41,A62,A74,A123
48,6143,4,4,1,2,1,0,A11,A153,A172,A191,A201,A142,A101,A34,A41,A61,A75,A124
11,1393,4,4,1,2,1,0,A14,A152,A174,A191,A201,A143,A101,A34,A40,A61,A72,A123
33,1927,4,4,1,1,1,1,A14,A152,A173,A191,A201,A143,A101,A32,A43,A63,A75,A123
4,1352,1,2,0,1,1,0,A11,A151,A171,A192,A201,A143,A101,A32,A41,A63,A71,A122
11,6419,1,4,1,2,1,1,A14,A152,A172,A191,A201,A143,A101,A34,A40,A61,A73,A122
12,2073,4,2,1,1,1,0,A14,A152,A173,A191,A201,A143,A102,A32,A43,A62,A73,A121
22,1967,4,2,1,1,1,1,A12,A152,A172,A191,A201,A141,A101,A33,A42,A65,A72,A122
24,4811,1,2,1,2,1,1,A12,A152,A174,A192,A201,A143,A101,A33,A41,A61,A75,A123
11,1185,3,2,0,1,1,1,A14,A152,A173,A191,A201,A143,A101,A32,A43,A61,A73,A123
18,3017,2,1,1,1,1,1,A14,A152,A173,A192,A201,A143,A101,A32,A41,A65,A73,A122
33,1858,4,4,1,2,1,1,A12,A153,A173,A192,A201,A141,A101,A33,A40,A61,A75,A124
5,741,1,2,1,1,2,1,A14,A152,A172,A191,A201,A142,A103,A31,A40,A65,A73,A121
11,5943,2,1,1,1,1,1,A12,A152,A174,A192,A201,A143,A101,A32,A43,A65,A71,A124
36,9566,2,2,1,2,1,0,A14,A152,A173,A191,A201,A142,A101,A34,A43,A61,A73,A123
18,1961,3,2,0,1,1,0,A13,A152,A174,A191,A201,A143,A101,A32,A40,A61,A75,A123
36,6229,4,4,0,2,1,0,A11,A151,A172,A192,A201,A143,A102,A34,A42,A61,A72,A124
8,1283,2,1,1,1,1,1,A12,A152,A173,A192,A201,A141,A101,A32,A49,A61,A73,A121
15,1386,4,4,1,2,1,1,A12,A152,A173,A192,A201,A143,A103,A34,A43,A65,A75,A121
33,1568,4,4,1,1,1,1,A12,A153,A174,A192,A201,A143,A101,A30,A49,A61,A75,A124
47,12976,2,2,0,1,1,1,A12,A152,A173,A192,A201,A143,A101,A30,A49,A61,A73,A123
24,3181,4,4,1,1,1,0,A14,A152,A173,A192,A201,A143,A101,A32,A43,A61,A72,A122
24,4281,4,4,1,4,2,1,A14,A152,A173,A192,A201,A143,A101,A32,A45,A65,A75,A122
12,2171,2,2,1,1,1,0,A14,A152,A173,A191,A201,A141,A101,A32,A43,A61,A72,A123
11,926,4,1,0,1,1,1,A12,A152,A173,A191,A201,A143,A101,A32,A40,A64,A73,A121
33,1474,4,4,1,1,1,1,A14,A153,A173,A192,A201,A142,A101,A32,A46,A61,A73,A124
36,2394,4,4,0,1,1,0,A14,A152,A173,A191,A201,A143,A101,A32,A43,A65,A73,A123
36,8133,1,2,1,1,1,0,A14,A152,A173,A191,A201,A141,A101,A32,A41,A61,A73,A122
7,672,4,2,1,2,1,1,A14,A151,A172,A192,A201,A143,A101,A34,A43,A65,A75,A122
8,996,3,4,1,2,2,1,A11,A153,A174,A192,A201,A141,A101,A34,A410,A61,A75,A124
42,5954,2,1,1,2,1,0,A12,A152,A172,A191,A201,A141,A101,A34,A49,A61,A74,A121
33,1572,4,4,1,1,1,1,A11,A152,A174,A192,A201,A143,A101,A32,A46,A65,A75,A124
11,1382,4,4,1,2,1,1,A11,A153,A174,A191,A201,A143,A101,A34,A41,A61,A75,A124
42,3573,4,3,1,1,1,1,A11,A152,A173,A191,A201,A143,A101,A32,A43,A61,A72,A123
11,3835,2,4,1,1,1,1,A12,A152,A173,A191,A201,A143,A101,A33,A43,A61,A74,A122
48,8471,2,2,1,1,2,1,A14,A152,A172,A191,A201,A143,A101,A30,A41,A65,A73,A122
30,3441,2,1,0,1,1,1,A12,A152,A173,A191,A201,A143,A101,A32,A42,A61,A72,A122
24,5943,1,1,1,2,1,0,A14,A152,A173,A192,A201,A143,A101,A32,A43,A65,A72,A123
15,1055,4,3,1,1,1,1,A14,A152,A173,A192,A201,A142,A101,A32,A43,A63,A75,A122
18,1568,3,4,0,1,1,0,A14,A151,A172,A191,A201,A143,A101,A32,A49,A62,A73,A122
24,1755,4,4,1,1,1,0,A11,A152,A172,A192,A201,A143,A103,A32,A410,A61,A75,A121
10,1961,3,4,1,1,1,1,A11,A152,A172,A191,A201,A143,A101,A32,A43,A61,A75,A121
12,1412,4,2,1,2,1,0,A14,A152,A174,A192,A201,A143,A103,A34,A49,A61,A73,A121
18,1295,4,1,1,2,1,0,A12,A152,A173,A191,A201,A143,A101,A34,A42,A61,A72,A122
33,12579,1,4,1,1,2,1,A12,A153,A173,A192,A201,A143,A101,A32,A46,A62,A73,A124
18,1881,4,3,1,1,2,1,A11,A152,A174,A192,A201,A143,A101,A32,A40,A62,A74,A123
11,960,4,3,1,2,1,1,A11,A152,A173,A191,A201,A143,A101,A30,A45,A61,A74,A121
11,392,4,4,1,1,1,1,A14,A152,A173,A191,A201,A143,A101,A34,A43,A61,A75,A121
11,1287,4,3,1,1,1,1,A11,A152,A173,A191,A201,A143,A101,A34,A41,A61,A75,A121
12,797,4,3,1,1,2,0,A14,A152,A172,A191,A201,A141,A101,A34,A43,A65,A75,A122
22,3244,4,4,0,2,1,1,A13,A151,A173,A191,A201,A143,A102,A34,A42,A65,A75,A124
11,1237,4,4,1,1,1,1,A12,A152,A173,A192,A201,A143,A101,A32,A40,A64,A75,A121
48,14782,3,4,1,1,1,1,A12,A151,A173,A192,A201,A143,A101,A30,A49,A61,A72,A124
12,2012,4,2,1,1,1,0,A14,A152,A173,A191,A201,A143,A101,A34,A46,A65,A74,A123
18,2150,4,4,1,1,1,1,A12,A152,A173,A191,A201,A143,A101,A32,A49,A62,A73,A123
33,1980,4,4,1,1,1,1,A12,A152,A173,A191,A201,A143,A101,A34,A43,A61,A75,A121
20,6419,3,4,1,2,2,1,A12,A151,A174,A192,A201,A141,A101,A33,A41,A65,A74,A122
22,1364,4,4,1,1,1,1,A14,A151,A172,A191,A201,A143,A101,A32,A40,A62,A75,A121
33,1965,4,4,0,1,1,1,A12,A151,A173,A191,A201,A143,A101,A32,A43,A61,A74,A123
4,932,3,2,0,1,1,0,A14,A152,A173,A191,A201,A143,A101,A33,A43,A61,A73,A121
8,1533,4,3,1,1,1,1,A12,A151,A173,A192,A201,A143,A101,A34,A42,A61,A74,A123
11,2064,2,4,1,1,1,1,A14,A151,A173,A192,A201,A143,A101,A32,A41,A65,A72,A123
22,10144,2,3,1,2,2,1,A12,A152,A174,A192,A201,A143,A102,A34,A410,A61,A73,A123
18,5943,2,4,1,2,2,1,A14,A152,A174,A192,A201,A141,A101,A31,A40,A61,A75,A124
11,5003,2,2,1,1,1,1,A12,A152,A173,A191,A201,A143,A101,A32,A40,A61,A74,A123
24,7721,1,2,1,1,1,0,A11,A152,A173,A192,A202,A143,A101,A32,A42,A65,A72,A122
13,1291,1,2,1,1,1,1,A12,A152,A173,A192,A201,A143,A101,A32,A49,A63,A75,A121
5,1355,1,2,1,2,2,1,A12,A152,A173,A191,A201,A141,A101,A33,A49,A62,A75,A123
15,392,4,4,0,1,1,0,A13,A151,A173,A192,A201,A143,A101,A32,A46,A61,A72,A122
18,5129,3,3,1,1,1,1,A12,A151,A172,A191,A201,A143,A101,A32,A40,A61,A74,A121
36,7855,4,2,0,2,1,0,A14,A152,A173,A192,A201,A142,A101,A34,A40,A61,A73,A121
11,1442,3,1,1,1,1,1,A11,A152,A173,A191,A201,A143,A101,A32,A43,A63,A75,A121
47,3244,4,1,1,1,1,1,A14,A152,A173,A192,A201,A143,A101,A34,A43,A65,A75,A121
42,7174,4,3,1,1,1,0,A11,A152,A174,A192,A201,A143,A101,A32,A43,A65,A74,A123
10,2132,2,3,1,2,1,0,A11,A151,A173,A191,A202,A143,A102,A34,A42,A65,A72,A121
33,4281,1,4,0,2,1,0,A11,A152,A173,A191,A201,A143,A101,A34,A42,A63,A73,A123
11,2022,3,3,1,1,1,1,A12,A152,A174,A192,A201,A143,A101,A34,A40,A63,A74,A123
20,1835,3,2,0,2,1,0,A11,A152,A173,A192,A201,A143,A101,A32,A43,A61,A73,A121
24,3868,4,2,1,2,1,0,A14,A151,A174,A192,A201,A143,A101,A34,A41,A61,A75,A123
11,1453,3,2,0,1,1,1,A14,A151,A172,A191,A201,A143,A101,A32,A42,A61,A73,A121
10,683,4,4,1,2,1,1,A13,A153,A173,A192,A201,A143,A101,A34,A40,A61,A75,A124
18,1924,4,3,1,1,1,0,A12,A151,A173,A191,A201,A143,A101,A32,A42,A65,A72,A121
11,1835,4,2,1,2,1,1,A11,A152,A173,A191,A201,A143,A101,A34,A40,A61,A73,A122
11,609,4,2,1,1,1,1,A11,A152,A172,A191,A201,A143,A101,A32,A43,A61,A73,A121
11,409,4,2,1,1,1,1,A12,A152,A173,A191,A201,A143,A101,A32,A45,A61,A73,A123
11,1493,4,2,1,2,1,1,A12,A152,A174,A192,A201,A143,A101,A34,A41,A61,A71,A123
12,3499,3,2,1,2,1,0,A11,A152,A173,A191,A201,A143,A102,A34,A40,A61,A73,A121
48,8487,1,2,0,1,1,0,A12,A152,A173,A191,A201,A143,A101,A32,A40,A65,A74,A123
33,6143,4,3,1,1,1,1,A11,A152,A173,A192,A201,A142,A101,A33,A46,A61,A73,A122
15,2251,2,3,1,2,1,1,A14,A152,A172,A191,A201,A141,A101,A32,A42,A61,A72,A122
18,1577,4,4,1,2,1,1,A14,A153,A173,A191,A201,A141,A101,A32,A42,A61,A73,A124
60,10144,2,4,0,1,1,0,A14,A152,A173,A192,A201,A143,A101,A32,A43,A62,A74,A121
12,1240,4,2,1,2,1,0,A14,A152,A173,A192,A201,A143,A101,A34,A43,A65,A75,A121
24,7758,2,2,1,2,1,1,A14,A152,A173,A191,A201,A143,A101,A33,A41,A64,A73,A123
11,683,4,3,1,1,1,1,A12,A152,A172,A191,A201,A143,A101,A32,A43,A63,A73,A121
15,2251,4,2,1,3,1,1,A12,A152,A173,A192,A201,A141,A103,A34,A43,A65,A74,A121
12,1881,2,2,1,1,1,0,A13,A151,A172,A192,A201,A143,A101,A32,A43,A61,A73,A123
5,626,2,2,1,1,1,1,A13,A152,A171,A191,A202,A143,A101,A32,A40,A64,A72,A121
36,4795,4,1,1,1,1,0,A12,A152,A174,A192,A201,A143,A101,A32,A43,A61,A72,A124
24,3181,3,2,1,1,1,1,A11,A152,A174,A191,A201,A143,A101,A32,A43,A61,A73,A123
18,2064,2,2,0,1,1,1,A11,A152,A173,A191,A201,A143,A101,A32,A42,A61,A73,A123
20,2288,4,4,0,1,1,0,A14,A152,A173,A192,A201,A143,A101,A34,A42,A61,A72,A122
47,3234,4,2,1,1,1,1,A12,A152,A173,A191,A201,A143,A101,A31,A49,A62,A74,A123
4,860,1,4,1,2,1,0,A11,A152,A173,A192,A201,A143,A101,A34,A40,A61,A75,A124
12,682,4,3,1,2,1,0,A14,A152,A173,A192,A201,A143,A101,A34,A40,A62,A74,A123
33,4351,3,2,1,2,1,1,A11,A152,A173,A191,A201,A143,A103,A34,A42,A61,A73,A122
18,1403,4,4,1,2,1,1,A14,A152,A173,A191,A201,A143,A101,A34,A43,A64,A75,A123
5,1244,2,4,1,1,2,1,A14,A153,A173,A192,A201,A141,A101,A32,A43,A62,A75,A124
10,1538,1,4,1,1,1,1,A14,A152,A173,A192,A202,A143,A101,A32,A43,A61,A73,A122
33,4795,4,1,0,1,1,1,A13,A152,A173,A191,A201,A143,A101,A32,A43,A61,A73,A123
24,7758,2,4,1,1,1,0,A12,A151,A173,A191,A201,A143,A101,A34,A41,A64,A75,A124
22,6229,4,4,1,1,1,1,A12,A151,A174,A192,A201,A143,A101,A33,A49,A62,A74,A123
12,1282,2,4,0,1,1,0,A11,A151,A173,A191,A201,A143,A101,A32,A42,A61,A73,A123
8,1199,3,4,1,2,2,1,A11,A152,A173,A191,A202,A143,A103,A34,A45,A62,A75,A121
11,362,4,1,1,1,1,1,A11,A152,A172,A191,A201,A141,A101,A31,A48,A61,A75,A123
22,3190,2,3,1,2,1,1,A12,A152,A173,A192,A201,A141,A101,A32,A40,A62,A74,A123
5,1525,1,2,1,2,2,1,A14,A152,A172,A191,A201,A143,A101,A34,A43,A65,A73,A121
22,2578,3,4,1,1,2,1,A14,A152,A173,A192,A201,A143,A101,A34,A43,A62,A75,A121
18,1055,4,1,1,2,1,0,A14,A152,A173,A191,A201,A143,A101,A34,A40,A61,A72,A122
15,1185,4,3,1,2,1,1,A14,A152,A173,A192,A201,A143,A101,A32,A44,A63,A74,A122
10,7127,2,4,1,1,1,1,A12,A153,A174,A192,A201,A141,A101,A32,A40,A61,A71,A124
33,806,4,4,1,1,1,1,A14,A152,A173,A191,A201,A143,A101,A32,A40,A63,A75,A122
5,2679,1,2,1,1,1,1,A14,A152,A173,A192,A201,A143,A101,A32,A42,A63,A73,A123
18,1131,4,2,1,1,1,0,A11,A152,A173,A191,A201,A143,A101,A32,A42,A61,A71,A123
11,1577,4,1,0,1,1,0,A12,A152,A173,A191,A201,A143,A101,A32,A42,A64,A72,A121
24,3972,2,4,0,1,1,0,A14,A151,A173,A192,A201,A143,A101,A32,A42,A61,A74,A122
22,1553,4,4,1,2,1,1,A12,A152,A173,A192,A201,A143,A101,A34,A49,A61,A75,A121
15,915,4,3,1,2,2,1,A11,A151,A173,A191,A201,A143,A101,A30,A40,A61,A75,A123
12,763,4,1,1,1,1,0,A14,A152,A173,A192,A201,A143,A101,A32,A42,A61,A73,A121
24,2064,3,2,1,1,1,0,A12,A152,A174,A192,A201,A143,A101,A33,A42,A61,A71,A122
8,1291,4,2,1,1,1,1,A12,A152,A173,A191,A202,A143,A103,A32,A43,A61,A73,A121
20,3123,2,1,1,2,1,1,A11,A152,A173,A191,A201,A143,A101,A33,A46,A61,A72,A122
30,7485,4,1,1,1,1,0,A14,A152,A174,A192,A201,A141,A101,A31,A41,A65,A71,A121
11,2132,2,1,1,1,1,1,A11,A152,A173,A191,A201,A143,A101,A32,A42,A61,A73,A123
5,276,4,4,1,2,1,1,A11,A152,A173,A191,A201,A143,A101,A34,A43,A63,A75,A123
11,1568,4,2,1,2,2,1,A14,A151,A174,A192,A201,A143,A101,A32,A43,A61,A74,A123
20,385,4,4,1,2,1,1,A11,A152,A173,A191,A201,A143,A101,A34,A40,A61,A75,A121
33,8471,1,1,1,2,1,1,A14,A152,A173,A191,A201,A143,A101,A33,A49,A61,A72,A123
33,3650,2,2,1,2,1,1,A12,A152,A174,A192,A201,A142,A101,A33,A49,A61,A73,A121
20,1424,4,2,1,2,2,1,A11,A152,A172,A191,A201,A143,A101,A31,A40,A65,A73,A122
22,3357,4,4,1,1,1,1,A14,A152,A173,A192,A201,A143,A101,A34,A42,A64,A73,A121
18,763,4,4,1,1,2,1,A12,A152,A173,A192,A201,A141,A101,A34,A40,A61,A75,A123
15,1282,4,2,1,2,1,1,A14,A152,A173,A191,A201,A143,A101,A34,A43,A61,A73,A122
8,5129,2,4,1,1,2,0,A12,A153,A174,A192,A201,A141,A101,A31,A41,A61,A75,A124
15,1042,2,3,1,3,1,1,A12,A153,A171,A192,A201,A143,A101,A34,A40,A61,A71,A123
11,448,4,1,0,1,1,1,A11,A152,A173,A191,A201,A143,A101,A32,A43,A62,A74,A122
18,3244,1,4,1,2,1,0,A12,A152,A173,A192,A201,A141,A101,A30,A42,A61,A73,A123
22,3749,2,3,1,3,1,1,A14,A152,A174,A192,A201,A143,A101,A32,A49,A64,A73,A122
47,3441,4,4,1,1,2,1,A12,A153,A172,A191,A201,A143,A101,A30,A49,A62,A74,A124
24,3499,4,2,1,1,2,1,A12,A152,A173,A192,A201,A143,A101,A32,A49,A61,A73,A123
5,1808,2,2,1,1,1,1,A14,A151,A173,A191,A201,A143,A101,A32,A43,A61,A74,A121
42,2748,4,4,0,1,1,1,A12,A151,A173,A191,A201,A143,A103,A32,A43,A62,A73,A122
8,1501,2,3,1,2,1,0,A12,A152,A174,A192,A201,A143,A101,A34,A46,A61,A75,A123
4,1382,1,1,1,2,1,0,A14,A152,A173,A192,A201,A143,A101,A34,A43,A61,A73,A123
12,951,4,4,1,4,1,0,A12,A151,A173,A191,A201,A141,A101,A32,A42,A62,A72,A123
22,2329,4,4,1,1,1,1,A12,A153,A173,A192,A201,A141,A101,A32,A41,A65,A75,A124
18,3643,4,3,1,1,1,1,A12,A152,A174,A192,A201,A143,A101,A33,A42,A61,A75,A124
8,806,4,2,1,2,1,1,A14,A152,A173,A192,A201,A143,A101,A34,A46,A63,A75,A123
11,1028,4,3,1,1,1,1,A11,A152,A172,A191,A201,A143,A101,A32,A40,A61,A73,A121
24,4221,3,4,1,2,1,1,A14,A152,A173,A191,A201,A143,A101,A33,A49,A61,A74,A123
11,797,4,4,0,1,1,1,A11,A151,A173,A191,A201,A143,A101,A32,A48,A61,A74,A122
11,1376,4,1,1,2,2,1,A14,A152,A172,A191,A201,A143,A101,A34,A40,A61,A75,A121
30,9566,3,4,1,3,2,1,A11,A153,A174,A192,A201,A143,A101,A34,A41,A61,A75,A124
11,1553,4,4,1,3,1,1,A14,A152,A173,A192,A201,A143,A101,A34,A42,A61,A75,A121
11,1295,4,3,1,1,1,1,A12,A152,A173,A191,A201,A143,A101,A34,A44,A61,A74,A122
22,5951,2,2,0,1,1,1,A11,A152,A172,A191,A201,A142,A101,A32,A49,A61,A73,A123
11,1291,3,2,1,1,1,1,A14,A152,A173,A191,A202,A143,A101,A32,A41,A64,A74,A122
8,2762,1,2,1,2,2,1,A14,A152,A173,A191,A201,A143,A101,A34,A43,A65,A73,A121
36,3835,2,4,1,1,1,0,A14,A152,A172,A192,A201,A143,A101,A32,A43,A65,A75,A121
24,4308,2,4,1,2,1,1,A11,A152,A173,A192,A201,A142,A101,A30,A49,A61,A71,A122
30,1532,4,4,1,1,1,1,A13,A152,A174,A192,A201,A143,A101,A33,A49,A61,A75,A121
33,3017,4,2,1,1,1,1,A14,A152,A173,A192,A201,A143,A101,A34,A43,A65,A75,A123
4,932,1,3,1,2,1,0,A12,A152,A172,A191,A201,A143,A101,A34,A48,A65,A74,A122
18,2782,3,1,1,1,1,1,A11,A152,A173,A192,A201,A141,A101,A30,A49,A61,A74,A122
33,3488,2,2,0,1,1,1,A13,A152,A173,A192,A201,A143,A101,A32,A43,A61,A73,A121
22,2718,2,2,0,1,1,1,A11,A151,A172,A191,A201,A143,A101,A32,A42,A61,A73,A121
10,1364,2,4,1,1,1,0,A14,A152,A173,A192,A201,A143,A101,A32,A40,A61,A73,A123
11,409,4,1,1,1,1,1,A12,A152,A172,A191,A201,A141,A103,A32,A43,A61,A72,A121
12,1200,4,4,0,1,1,0,A11,A151,A173,A192,A201,A141,A101,A32,A46,A65,A73,A122
11,626,4,2,1,2,1,1,A14,A152,A173,A191,A201,A141,A101,A32,A43,A61,A73,A121
22,2679,4,4,1,2,2,1,A14,A152,A173,A192,A201,A143,A101,A33,A49,A65,A73,A121
15,3758,3,2,1,1,1,1,A14,A152,A173,A192,A201,A143,A101,A32,A41,A61,A73,A123
33,2146,4,2,1,2,1,1,A14,A152,A173,A191,A201,A143,A101,A30,A45,A61,A73,A123
47,9960,1,2,1,2,1,1,A12,A152,A173,A192,A201,A141,A102,A32,A43,A64,A74,A124
11,7485,4,4,1,1,1,1,A11,A153,A174,A192,A201,A143,A101,A32,A42,A61,A75,A124
8,1364,4,2,0,1,1,1,A14,A152,A173,A191,A201,A143,A101,A32,A43,A61,A74,A123
22,2788,4,1,0,1,1,1,A11,A153,A173,A191,A201,A141,A101,A32,A42,A61,A72,A124
33,3622,4,2,1,1,1,1,A13,A152,A173,A191,A201,A143,A101,A32,A43,A61,A73,A123
8,2073,2,4,1,1,1,1,A14,A153,A172,A191,A201,A143,A101,A32,A40,A63,A75,A124
11,1842,3,1,1,1,1,1,A14,A152,A173,A191,A201,A143,A101,A32,A43,A62,A74,A124
18,750,4,2,0,1,1,1,A12,A152,A172,A191,A201,A143,A103,A32,A43,A61,A73,A121
4,1393,2,1,1,3,2,1,A14,A152,A172,A191,A201,A143,A101,A34,A43,A61,A74,A121
22,1474,4,2,1,1,2,1,A11,A152,A174,A191,A201,A142,A101,A32,A43,A61,A71,A123
5,12976,1,2,0,1,1,1,A12,A152,A171,A192,A201,A143,A101,A32,A40,A65,A71,A122
20,2329,4,2,1,2,1,1,A12,A151,A172,A191,A201,A141,A101,A32,A49,A62,A75,A123
12,1291,4,2,1,2,1,0,A14,A152,A173,A191,A201,A143,A101,A34,A43,A61,A73,A122
30,2101,1,3,1,1,2,1,A11,A152,A173,A191,A201,A143,A103,A32,A43,A61,A75,A122
24,915,4,2,1,1,1,0,A11,A152,A173,A191,A201,A141,A101,A32,A40,A65,A75,A123
5,1412,3,2,1,1,2,1,A14,A152,A173,A191,A201,A143,A101,A32,A43,A61,A74,A122
47,3757,3,4,0,2,2,1,A11,A153,A173,A191,A201,A143,A101,A30,A41,A61,A75,A124
12,1185,3,2,1,2,1,0,A14,A152,A173,A191,A201,A143,A101,A34,A49,A61,A73,A121
12,3447,4,3,1,1,2,0,A14,A152,A172,A191,A201,A143,A101,A31,A48,A63,A73,A121
22,1185,4,1,0,1,1,1,A14,A152,A173,A192,A201,A143,A101,A32,A49,A61,A74,A121
11,666,4,4,1,3,1,1,A14,A152,A173,A191,A201,A143,A101,A34,A43,A61,A75,A121
5,1055,4,1,1,1,1,1,A14,A151,A173,A191,A202,A141,A101,A30,A40,A62,A73,A124
22,1538,2,2,1,1,1,1,A13,A152,A173,A191,A201,A143,A101,A32,A42,A61,A73,A121
18,433,3,4,0,1,1,0,A14,A151,A173,A191,A201,A143,A102,A32,A43,A61,A71,A121
4,666,3,4,1,2,1,0,A11,A152,A172,A192,A201,A143,A101,A34,A40,A64,A74,A121
12,2251,1,2,1,1,1,0,A13,A152,A172,A191,A201,A143,A101,A32,A42,A61,A73,A123
30,2150,4,2,0,1,1,0,A12,A152,A173,A191,A201,A141,A103,A32,A40,A61,A73,A124
22,3612,2,3,1,2,1,1,A14,A152,A173,A191,A201,A143,A101,A33,A42,A62,A73,A122
8,1603,2,1,0,1,1,1,A12,A152,A173,A192,A201,A143,A101,A32,A42,A65,A74,A123
48,7174,1,1,1,1,1,1,A12,A152,A172,A191,A201,A143,A101,A33,A43,A65,A73,A121
22,2247,4,2,1,2,1,1,A14,A152,A172,A191,A201,A143,A101,A34,A43,A61,A73,A121
11,1842,4,1,1,1,1,1,A11,A153,A173,A191,A201,A143,A101,A31,A43,A61,A73,A124
15,3812,1,4,0,1,1,0,A14,A152,A173,A192,A201,A143,A101,A32,A41,A62,A72,A123
11,1154,4,4,1,3,1,0,A14,A152,A172,A191,A201,A143,A101,A34,A43,A62,A71,A121
11,1442,2,2,1,1,1,1,A11,A152,A173,A191,A201,A143,A101,A32,A42,A61,A73,A121
24,1603,4,4,1,1,1,0,A11,A152,A173,A191,A201,A143,A101,A32,A43,A61,A75,A123
18,4351,2,4,1,3,1,1,A11,A153,A174,A192,A201,A143,A101,A34,A40,A61,A75,A124
12,2748,2,4,1,3,1,0,A14,A153,A172,A191,A201,A141,A101,A34,A46,A61,A75,A124
10,1126,3,4,1,2,2,1,A14,A152,A172,A191,A202,A143,A101,A34,A40,A61,A75,A121
15,741,4,3,1,1,2,1,A12,A152,A173,A191,A201,A143,A101,A32,A43,A61,A75,A123
33,5433,4,4,1,2,1,1,A14,A152,A173,A191,A201,A143,A101,A34,A49,A65,A75,A121
24,1533,4,3,1,1,1,0,A14,A152,A173,A192,A201,A142,A101,A32,A43,A61,A72,A123
13,7855,1,4,1,1,1,1,A11,A152,A174,A192,A202,A143,A101,A32,A40,A61,A75,A122
22,918,4,2,0,2,1,1,A14,A152,A173,A191,A201,A143,A101,A32,A43,A65,A75,A123
18,2238,4,3,1,1,1,1,A14,A152,A173,A191,A202,A143,A101,A32,A40,A65,A74,A122
12,1402,3,4,1,1,1,0,A14,A151,A173,A192,A201,A143,A101,A34,A42,A63,A74,A123
47,10722,4,4,1,1,1,1,A12,A153,A174,A192,A201,A143,A102,A31,A40,A65,A71,A124
47,2762,4,4,1,2,1,1,A12,A152,A173,A191,A201,A143,A101,A32,A43,A61,A74,A121
30,10722,1,1,1,1,1,1,A11,A152,A172,A192,A201,A143,A101,A32,A45,A61,A72,A124
8,2247,1,2,1,1,2,1,A14,A152,A173,A191,A201,A143,A101,A32,A43,A61,A73,A121
18,2404,2,2,1,2,1,0,A14,A152,A173,A191,A201,A143,A101,A34,A43,A61,A73,A123
11,1185,2,4,1,1,1,1,A11,A152,A172,A192,A201,A143,A101,A32,A42,A65,A75,A122
4,4611,1,4,1,1,1,0,A14,A152,A173,A191,A201,A143,A101,A32,A42,A61,A72,A122
22,1525,4,4,1,1,1,1,A14,A151,A174,A192,A201,A143,A101,A32,A43,A62,A73,A123
15,3017,3,4,0,2,1,1,A14,A151,A173,A192,A201,A143,A101,A34,A41,A64,A75,A124
11,1402,4,2,1,1,1,1,A14,A152,A173,A191,A201,A143,A101,A32,A42,A61,A73,A121
18,1355,4,4,1,1,1,1,A13,A152,A172,A191,A201,A141,A101,A31,A43,A65,A74,A123
15,1381,4,4,1,1,1,1,A14,A152,A173,A191,A201,A143,A101,A34,A42,A65,A75,A122
22,3447,4,2,1,1,1,1,A12,A152,A173,A192,A201,A143,A101,A34,A40,A62,A72,A123
47,10722,1,1,1,1,1,0,A11,A152,A172,A192,A201,A143,A101,A32,A40,A61,A72,A121
47,3835,4,3,1,1,2,1,A11,A152,A173,A191,A201,A143,A101,A32,A41,A61,A74,A122
47,7408,2,4,1,1,1,1,A12,A153,A174,A192,A201,A143,A101,A33,A410,A62,A71,A124
12,1092,4,4,1,2,1,0,A12,A152,A173,A192,A201,A143,A103,A32,A43,A61,A73,A121
22,926,4,4,1,1,1,1,A11,A152,A173,A191,A201,A142,A101,A33,A43,A61,A72,A121
11,951,2,2,1,1,1,1,A14,A152,A173,A192,A202,A143,A101,A32,A49,A61,A73,A121
33,8318,1,4,1,1,1,1,A12,A151,A174,A192,A201,A143,A101,A32,A41,A61,A72,A123
24,6419,2,4,1,2,2,0,A11,A153,A174,A192,A201,A143,A101,A34,A41,A61,A75,A124
42,3868,4,4,1,1,1,1,A13,A153,A173,A191,A201,A143,A101,A34,A41,A61,A75,A124
47,7408,4,2,1,2,2,1,A14,A152,A174,A191,A201,A141,A101,A34,A49,A65,A75,A123
48,9960,1,2,1,1,1,0,A12,A152,A173,A192,A201,A143,A101,A32,A42,A61,A72,A123
12,4675,1,4,0,1,1,0,A14,A151,A173,A191,A201,A143,A101,A32,A41,A65,A72,A123
10,1190,4,2,1,1,1,1,A14,A152,A172,A191,A202,A143,A102,A32,A40,A65,A75,A122
18,2073,3,4,1,1,1,1,A14,A152,A173,A192,A201,A143,A101,A32,A42,A61,A73,A121
20,2278,3,2,1,2,1,1,A12,A152,A173,A192,A201,A143,A101,A34,A42,A64,A74,A123
4,672,1,4,1,1,1,0,A14,A152,A171,A192,A201,A143,A101,A32,A40,A61,A71,A121
36,3804,4,1,1,1,1,0,A12,A152,A173,A192,A201,A143,A101,A30,A43,A61,A73,A123
22,1244,4,2,1,2,2,1,A13,A152,A172,A191,A201,A141,A101,A34,A40,A65,A74,A121
10,931,4,3,1,2,1,1,A11,A152,A173,A192,A201,A143,A102,A34,A40,A61,A74,A122
47,8487,2,2,1,1,1,1,A14,A153,A173,A191,A201,A141,A101,A34,A40,A63,A73,A124
5,1388,4,2,1,1,1,1,A14,A152,A173,A191,A201,A143,A101,A32,A42,A64,A73,A121
30,4811,2,4,0,1,1,0,A14,A151,A172,A191,A201,A142,A101,A32,A41,A65,A74,A122
11,672,4,3,1,1,1,1,A11,A152,A172,A192,A201,A143,A101,A32,A43,A62,A72,A124
7,1237,3,4,0,1,1,0,A12,A152,A173,A191,A201,A143,A101,A32,A42,A61,A73,A121
8,276,4,4,0,1,1,1,A12,A151,A172,A191,A201,A143,A101,A32,A40,A61,A73,A121
47,4351,3,4,1,1,1,1,A12,A153,A171,A192,A201,A141,A101,A32,A410,A65,A71,A124
22,4611,4,1,0,1,1,1,A14,A152,A173,A191,A201,A142,A101,A32,A42,A62,A73,A123
24,3749,2,4,1,1,1,0,A13,A152,A173,A191,A201,A143,A101,A32,A42,A61,A72,A123
11,518,2,3,0,1,1,1,A12,A152,A172,A191,A201,A141,A101,A32,A40,A61,A74,A123
4,1374,1,2,1,1,2,1,A13,A152,A172,A191,A202,A143,A101,A32,A40,A65,A72,A121
33,2288,4,4,1,1,1,1,A11,A152,A173,A191,A201,A141,A101,A31,A42,A61,A75,A123
11,626,2,3,1,1,2,1,A11,A152,A172,A191,A201,A143,A103,A32,A42,A61,A73,A122
24,4351,1,4,1,1,1,0,A12,A152,A172,A192,A201,A143,A101,A32,A42,A65,A73,A122
11,609,4,2,1,2,1,1,A14,A152,A173,A191,A201,A143,A101,A34,A46,A61,A73,A123
15,3643,1,4,1,2,1,0,A11,A152,A172,A191,A201,A143,A101,A33,A42,A61,A75,A122
30,3632,4,2,1,2,1,1,A12,A152,A174,A191,A201,A143,A101,A34,A40,A61,A71,A123
22,1567,4,3,1,1,1,1,A11,A152,A173,A191,A201,A143,A101,A32,A43,A61,A72,A122
22,2671,2,1,1,1,1,1,A11,A153,A174,A192,A201,A143,A101,A32,A41,A61,A74,A124
18,2171,4,2,1,1,1,1,A11,A152,A173,A191,A201,A143,A101,A32,A42,A64,A73,A123
18,1028,4,3,1,2,1,0,A14,A152,A173,A191,A201,A143,A101,A34,A40,A61,A73,A121
8,3114,1,4,1,2,1,1,A11,A152,A172,A191,A202,A143,A101,A34,A40,A61,A74,A121
11,4675,2,4,1,1,1,1,A14,A151,A173,A192,A201,A143,A101,A34,A42,A65,A75,A122
24,1525,4,3,1,1,2,0,A14,A152,A173,A192,A201,A143,A101,A32,A40,A64,A74,A123
33,3660,4,2,1,1,1,1,A13,A152,A173,A191,A201,A143,A101,A32,A43,A61,A75,A123
5,951,4,4,1,1,2,1,A12,A152,A173,A191,A201,A143,A101,A32,A43,A61,A75,A123
22,5951,2,4,1,2,1,1,A11,A153,A174,A192,A201,A143,A101,A34,A41,A61,A71,A124
18,1864,4,2,1,2,1,0,A14,A152,A173,A191,A201,A143,A101,A34,A46,A62,A73,A121
60,7408,4,2,0,1,1,0,A12,A152,A174,A191,A201,A143,A101,A32,A40,A62,A72,A122
48,11590,2,4,0,2,1,0,A14,A151,A172,A191,A201,A141,A101,A34,A41,A62,A73,A123
22,3609,3,4,0,2,2,1,A11,A151,A173,A191,A201,A141,A101,A30,A42,A61,A75,A124
5,3049,1,4,1,1,1,1,A11,A151,A174,A192,A201,A143,A101,A34,A42,A61,A73,A121
13,2101,2,4,0,1,1,0,A12,A152,A172,A191,A201,A143,A103,A32,A43,A61,A72,A122
15,1275,4,2,0,1,1,0,A11,A151,A173,A191,A201,A143,A101,A32,A44,A65,A73,A123
22,3622,4,4,1,1,1,1,A11,A152,A173,A191,A201,A143,A101,A32,A42,A61,A73,A122
10,1382,4,2,1,1,1,1,A12,A152,A172,A191,A201,A143,A101,A32,A42,A61,A73,A123
24,5743,2,4,0,2,1,0,A12,A153,A173,A192,A201,A143,A101,A34,A46,A61,A72,A124
20,3599,1,4,1,1,1,0,A11,A151,A172,A191,A201,A143,A101,A32,A42,A61,A74,A123
18,2930,1,3,0,1,1,1,A12,A151,A173,A191,A201,A143,A101,A32,A43,A63,A72,A121
18,3650,1,1,1,1,1,1,A12,A152,A174,A192,A201,A141,A102,A32,A49,A61,A75,A121
10,3573,1,1,1,1,2,1,A13,A152,A172,A191,A201,A143,A103,A32,A40,A61,A72,A122
15,1459,4,2,1,1,1,0,A14,A152,A172,A191,A201,A143,A101,A34,A43,A61,A73,A123
12,763,4,4,0,2,1,1,A12,A152,A173,A191,A201,A143,A103,A34,A43,A61,A72,A121
24,3758,1,4,0,1,1,0,A12,A151,A171,A191,A201,A143,A101,A32,A43,A63,A71,A124
5,1449,1,2,1,2,1,1,A14,A152,A172,A191,A201,A143,A101,A33,A49,A62,A73,A121
8,983,4,3,1,2,2,1,A12,A153,A173,A191,A201,A143,A101,A34,A46,A64,A75,A124
8,1236,1,4,0,1,1,0,A14,A151,A173,A192,A201,A143,A101,A32,A44,A61,A72,A121
8,959,1,2,1,1,1,0,A12,A152,A173,A191,A202,A143,A101,A32,A42,A61,A73,A123
18,2930,2,4,1,1,1,1,A14,A152,A174,A192,A201,A143,A101,A34,A41,A65,A71,A124
11,5129,4,2,1,2,1,1,A11,A151,A173,A192,A201,A143,A101,A30,A43,A61,A73,A122
10,672,4,4,1,1,1,1,A14,A153,A173,A192,A201,A143,A101,A32,A46,A63,A75,A124
22,1154,4,2,0,1,1,1,A12,A152,A172,A191,A201,A142,A101,A32,A40,A61,A72,A121
11,1967,1,4,1,1,1,1,A14,A152,A173,A192,A201,A143,A102,A34,A43,A65,A75,A121
33,3660,4,2,1,2,1,1,A14,A152,A174,A192,A201,A143,A101,A33,A43,A61,A73,A123
11,683,4,2,1,1,1,1,A14,A152,A173,A191,A201,A143,A101,A32,A43,A61,A73,A121
30,2406,4,4,0,1,1,0,A11,A151,A173,A191,A201,A143,A101,A32,A42,A61,A74,A121
18,1131,4,4,1,1,1,1,A12,A153,A173,A191,A201,A143,A101,A32,A46,A65,A73,A124
11,3123,2,3,1,1,1,1,A13,A152,A174,A191,A201,A143,A101,A32,A43,A65,A75,A123
12,2247,2,2,1,2,1,0,A13,A152,A173,A192,A201,A142,A101,A33,A40,A61,A73,A123
5,1453,1,2,0,1,1,1,A14,A151,A173,A191,A201,A143,A101,A32,A42,A61,A73,A122
18,2073,4,1,0,1,1,1,A11,A152,A171,A191,A201,A143,A101,A32,A42,A61,A71,A123
11,1388,2,4,1,1,1,1,A14,A152,A173,A192,A201,A143,A101,A32,A49,A61,A74,A123
18,3447,3,1,1,2,1,1,A14,A152,A173,A191,A201,A143,A101,A34,A41,A61,A74,A123
18,3650,1,4,0,1,1,0,A11,A151,A173,A191,A201,A143,A101,A32,A42,A61,A72,A123
33,3181,4,2,1,1,2,1,A11,A152,A173,A191,A201,A143,A101,A32,A42,A61,A75,A123
18,3001,2,4,1,1,1,0,A12,A151,A173,A191,A201,A143,A101,A32,A42,A61,A74,A121
33,2764,4,4,1,1,1,1,A14,A152,A173,A191,A201,A143,A101,A32,A40,A65,A73,A121
18,5003,3,4,1,2,1,1,A14,A152,A173,A192,A201,A143,A101,A34,A43,A61,A75,A123
10,2146,1,3,0,2,1,0,A14,A151,A173,A191,A201,A143,A101,A34,A42,A61,A72,A121
48,12579,2,4,1,1,1,1,A14,A153,A174,A192,A201,A141,A101,A34,A40,A65,A75,A124
60,14782,3,4,1,2,1,0,A12,A153,A174,A192,A201,A141,A101,A31,A410,A62,A75,A124
48,7685,2,4,1,1,1,0,A11,A151,A173,A191,A201,A143,A103,A31,A49,A61,A74,A123
18,1965,2,3,1,2,1,1,A14,A152,A173,A191,A201,A143,A101,A33,A43,A61,A71,A121
7,750,3,4,1,1,1,1,A14,A153,A173,A191,A201,A143,A101,A33,A43,A65,A75,A124
33,12976,4,2,1,1,1,1,A12,A153,A174,A192,A201,A143,A101,A32,A40,A61,A75,A124
4,362,4,4,1,2,1,0,A14,A152,A172,A191,A201,A143,A101,A34,A40,A62,A73,A123
20,1858,4,4,1,1,1,1,A11,A152,A173,A192,A201,A143,A101,A32,A42,A65,A74,A123
18,12976,3,4,1,1,1,0,A12,A153,A174,A192,A201,A143,A101,A32,A41,A61,A71,A124
22,1283,4,4,0,1,1,0,A14,A151,A173,A191,A201,A143,A101,A32,A40,A65,A74,A122
11,1237,4,1,1,1,1,1,A13,A152,A173,A191,A201,A143,A101,A32,A40,A61,A72,A121
30,3632,2,2,1,2,1,1,A14,A152,A172,A191,A201,A143,A101,A33,A49,A62,A73,A122
18,2238,2,1,0,2,1,0,A14,A152,A173,A191,A201,A143,A101,A34,A43,A61,A73,A123
18,1126,4,2,0,1,1,0,A14,A151,A173,A192,A201,A143,A101,A32,A43,A65,A72,A121
18,7127,4,4,1,2,1,1,A12,A152,A174,A192,A201,A142,A101,A34,A42,A61,A71,A122
15,1965,2,4,1,1,1,1,A12,A152,A173,A191,A201,A141,A101,A34,A49,A63,A73,A123
8,1449,3,2,1,2,1,0,A14,A152,A173,A191,A201,A143,A101,A32,A49,A61,A74,A123
18,1474,2,2,1,1,1,1,A14,A152,A174,A192,A201,A143,A101,A32,A40,A61,A73,A122
12,983,1,4,0,1,1,0,A12,A151,A172,A191,A201,A143,A101,A32,A42,A64,A72,A121
33,3001,2,4,1,1,2,1,A11,A153,A174,A192,A201,A141,A101,A32,A40,A61,A74,A124
4,1957,1,4,1,1,1,0,A11,A152,A173,A191,A201,A143,A101,A34,A43,A61,A74,A123
8,2022,2,3,1,1,1,1,A14,A152,A174,A191,A201,A143,A101,A34,A42,A61,A71,A123
36,10144,2,3,1,1,1,1,A12,A151,A173,A192,A201,A143,A101,A33,A46,A62,A74,A124
12,2578,3,4,1,1,1,0,A11,A153,A174,A191,A201,A143,A101,A32,A42,A61,A71,A124
33,2012,3,2,1,2,1,1,A11,A152,A173,A192,A201,A143,A101,A34,A42,A61,A73,A122
11,1113,1,1,1,2,1,1,A12,A151,A173,A191,A201,A143,A101,A32,A40,A61,A75,A121
24,1516,4,1,1,2,1,0,A14,A152,A172,A191,A201,A143,A101,A34,A43,A64,A73,A121
18,1364,3,4,1,1,1,1,A14,A152,A173,A192,A201,A143,A101,A32,A43,A61,A72,A121
18,1516,4,4,1,2,1,1,A12,A152,A173,A191,A201,A141,A101,A34,A49,A65,A73,A121
22,7758,2,2,1,2,1,1,A14,A152,A173,A192,A201,A141,A101,A33,A49,A61,A72,A123
13,741,4,2,1,2,1,1,A14,A152,A172,A191,A201,A143,A101,A33,A40,A61,A73,A123
18,2631,4,4,1,1,2,1,A12,A152,A173,A191,A201,A143,A101,A33,A40,A65,A75,A123
22,1620,1,1,0,1,1,1,A12,A152,A173,A192,A201,A143,A101,A32,A43,A61,A72,A122
22,1842,4,4,1,2,2,1,A14,A152,A173,A192,A201,A143,A101,A34,A41,A65,A74,A123
15,932,4,2,1,1,1,1,A11,A152,A173,A191,A202,A143,A101,A32,A43,A61,A72,A121
22,3001,3,2,1,1,1,1,A14,A152,A174,A192,A201,A143,A101,A32,A43,A63,A75,A123
11,860,4,2,1,3,1,1,A13,A152,A173,A192,A201,A143,A101,A34,A40,A63,A74,A121
24,1967,4,4,0,1,1,0,A12,A152,A173,A192,A201,A143,A101,A32,A43,A61,A75,A123
33,6758,3,2,1,2,1,1,A14,A152,A174,A192,A201,A143,A101,A34,A41,A61,A74,A123
11,1927,4,2,1,2,1,1,A14,A152,A174,A192,A201,A142,A101,A34,A49,A61,A71,A123
10,1424,3,2,1,1,2,1,A14,A151,A172,A191,A202,A143,A101,A32,A40,A63,A73,A124
24,1381,4,2,1,1,1,0,A11,A152,A173,A191,A201,A143,A101,A32,A40,A65,A73,A122
33,4795,2,2,1,2,2,1,A14,A152,A173,A192,A201,A143,A101,A34,A41,A61,A75,A122
11,2133,4,1,1,1,2,1,A11,A152,A172,A191,A201,A143,A101,A32,A40,A61,A72,A121
18,8471,1,2,0,2,1,0,A11,A151,A173,A192,A201,A143,A101,A33,A46,A65,A73,A123
20,2782,1,2,1,1,1,0,A14,A152,A174,A191,A201,A141,A101,A32,A40,A63,A74,A123
18,1042,4,2,1,1,1,0,A12,A152,A173,A191,A201,A143,A101,A32,A40,A65,A73,A122
15,3186,2,3,0,1,1,0,A14,A151,A173,A191,A201,A143,A101,A32,A40,A64,A74,A123
11,1577,4,2,1,1,1,1,A12,A152,A173,A191,A201,A143,A101,A32,A41,A65,A73,A123
11,918,2,3,1,2,2,1,A12,A152,A172,A191,A201,A143,A101,A34,A40,A61,A74,A121
20,1412,4,3,1,2,1,1,A14,A152,A174,A191,A201,A143,A101,A33,A42,A62,A74,A121
12,2762,1,2,0,1,1,0,A12,A152,A173,A192,A201,A141,A101,A32,A42,A65,A75,A122
18,2394,1,3,0,1,1,1,A12,A151,A173,A192,A201,A143,A101,A32,A41,A61,A73,A123
27,2278,4,2,1,2,1,1,A14,A152,A173,A191,A201,A143,A101,A34,A43,A61,A75,A123
18,983,4,3,1,2,1,1,A14,A152,A173,A191,A201,A143,A101,A34,A43,A64,A73,A121
8,1236,1,4,0,1,1,1,A14,A152,A173,A191,A201,A143,A101,A32,A42,A61,A75,A123
18,1190,2,4,1,3,2,0,A11,A153,A171,A191,A201,A143,A101,A34,A45,A61,A71,A124
5,3186,1,4,1,1,1,1,A14,A152,A172,A191,A201,A143,A101,A32,A49,A61,A74,A121
22,10144,2,3,1,2,1,1,A12,A152,A174,A192,A201,A141,A102,A32,A410,A61,A73,A123
5,1501,4,4,1,3,1,1,A11,A153,A174,A192,A201,A143,A101,A34,A42,A61,A71,A124
22,1659,4,2,1,2,1,1,A14,A152,A173,A192,A201,A143,A101,A34,A45,A61,A73,A121
8,1837,3,2,0,1,1,1,A11,A152,A173,A191,A201,A143,A101,A32,A42,A61,A73,A121
11,1374,2,1,0,1,1,1,A12,A152,A173,A192,A201,A143,A101,A32,A43,A65,A73,A121
5,433,2,4,0,1,1,1,A14,A151,A172,A191,A201,A143,A101,A32,A45,A63,A74,A121
24,1287,4,4,1,2,1,0,A14,A152,A173,A192,A201,A143,A101,A34,A40,A64,A75,A121
42,3114,4,4,1,2,1,1,A11,A152,A171,A191,A201,A143,A102,A34,A45,A61,A71,A123
12,609,4,1,1,1,1,0,A13,A152,A171,A191,A201,A143,A101,A31,A49,A61,A72,A121
11,1516,4,4,1,1,1,1,A14,A152,A174,A192,A201,A143,A101,A32,A40,A61,A75,A123
12,1620,2,3,1,1,1,0,A11,A152,A173,A191,A201,A143,A102,A32,A42,A61,A73,A122
20,2150,2,3,1,2,1,1,A12,A152,A173,A192,A201,A141,A101,A33,A410,A61,A73,A123
11,666,4,4,1,1,2,1,A14,A152,A172,A191,A201,A141,A101,A32,A46,A61,A75,A123
48,5096,2,3,1,1,1,0,A12,A152,A174,A192,A201,A143,A101,A34,A42,A61,A73,A123
8,1244,4,4,1,2,1,0,A14,A151,A172,A191,A201,A143,A101,A34,A46,A65,A75,A122
36,1842,4,4,1,1,1,0,A11,A152,A173,A192,A201,A143,A101,A32,A40,A61,A72,A123
7,2132,2,2,1,1,1,1,A12,A152,A173,A191,A201,A143,A103,A32,A43,A61,A73,A121
12,1424,3,4,1,1,1,0,A13,A152,A174,A192,A201,A143,A101,A32,A42,A65,A75,A121
15,1381,3,3,1,2,1,1,A12,A152,A173,A191,A201,A142,A101,A33,A45,A64,A73,A122
33,9960,4,2,1,1,1,1,A14,A152,A174,A192,A201,A143,A101,A34,A41,A65,A73,A123
4,518,3,1,1,1,1,0,A14,A152,A173,A191,A201,A143,A101,A32,A43,A61,A73,A121
11,2329,2,4,1,2,1,1,A14,A152,A173,A191,A201,A143,A101,A30,A42,A61,A75,A122
22,2238,4,4,1,1,1,1,A14,A152,A174,A192,A201,A143,A101,A32,A41,A61,A75,A123
22,3868,2,3,1,1,1,1,A11,A152,A173,A192,A201,A143,A102,A32,A40,A61,A74,A122
24,2679,4,1,1,1,1,0,A14,A152,A174,A192,A201,A143,A101,A32,A41,A61,A72,A124
11,3488,2,2,1,2,2,1,A11,A151,A173,A191,A201,A143,A101,A34,A40,A61,A73,A121
11,3049,3,4,1,1,1,1,A11,A153,A173,A192,A201,A143,A101,A32,A41,A61,A75,A124
4,276,4,1,1,1,1,0,A11,A152,A173,A191,A201,A143,A101,A32,A44,A61,A72,A121
18,3757,3,2,1,1,1,1,A14,A152,A173,A192,A201,A143,A101,A32,A43,A61,A72,A123
33,3244,1,2,1,1,2,1,A11,A152,A173,A191,A201,A143,A103,A32,A42,A61,A73,A122
15,1442,2,3,1,1,1,1,A11,A152,A173,A191,A201,A143,A101,A32,A40,A61,A72,A121
12,3017,3,1,1,1,1,0,A12,A151,A174,A191,A201,A143,A101,A32,A42,A61,A72,A121
11,682,4,4,1,2,1,1,A12,A152,A173,A191,A201,A143,A101,A32,A48,A65,A75,A122
18,1567,4,1,1,2,1,1,A14,A152,A173,A192,A201,A142,A101,A32,A49,A61,A74,A123
22,2671,3,4,1,1,2,1,A11,A152,A173,A192,A201,A141,A103,A32,A41,A61,A73,A124
24,1659,4,2,1,1,1,0,A11,A151,A172,A192,A201,A143,A101,A33,A43,A61,A72,A123
47,6758,3,3,1,2,2,1,A14,A152,A173,A191,A201,A141,A101,A33,A43,A65,A75,A123
33,2764,2,2,1,2,1,0,A14,A152,A173,A192,A201,A143,A101,A33,A49,A61,A73,A123
22,3804,3,3,1,2,1,1,A14,A152,A172,A192,A201,A143,A101,A33,A41,A61,A74,A123
22,2782,3,2,0,1,1,1,A12,A151,A173,A192,A201,A143,A101,A32,A43,A62,A72,A123
4,448,4,4,0,1,1,0,A11,A152,A173,A191,A201,A143,A101,A32,A46,A61,A72,A122
8,433,4,3,1,1,1,1,A11,A152,A172,A191,A201,A143,A101,A32,A40,A61,A73,A123
5,1131,4,4,1,1,2,1,A14,A152,A174,A192,A201,A143,A101,A32,A48,A65,A71,A122
18,1131,4,2,1,1,1,1,A12,A152,A173,A191,A201,A143,A101,A34,A43,A61,A73,A123
18,3114,1,4,1,1,1,0,A11,A151,A173,A191,A201,A143,A101,A30,A42,A61,A72,A122
36,2101,4,4,0,1,1,1,A14,A152,A173,A191,A201,A143,A101,A32,A41,A63,A73,A123
22,4281,4,2,0,1,1,1,A13,A152,A173,A191,A201,A141,A101,A32,A43,A61,A74,A123
11,931,3,4,1,1,1,1,A12,A152,A172,A191,A201,A143,A101,A32,A49,A62,A74,A121
15,1364,4,4,1,2,2,1,A11,A152,A173,A192,A201,A143,A101,A34,A42,A61,A75,A123
12,3573,1,1,0,1,1,0,A12,A152,A172,A191,A201,A143,A101,A34,A43,A61,A73,A121
22,1047,4,1,1,1,1,1,A12,A152,A173,A191,A201,A143,A101,A32,A40,A61,A72,A122
30,3622,4,4,1,2,1,0,A11,A151,A173,A192,A201,A143,A101,A32,A42,A64,A75,A122
15,960,3,2,1,2,1,0,A14,A152,A173,A191,A201,A143,A101,A33,A42,A64,A74,A122
11,996,4,4,1,1,1,1,A14,A152,A173,A192,A201,A143,A101,A34,A40,A63,A73,A121
5,1055,4,4,1,1,1,1,A12,A152,A174,A192,A201,A143,A101,A33,A40,A61,A71,A122
11,2764,2,4,1,1,1,1,A14,A152,A173,A192,A201,A143,A101,A32,A43,A61,A73,A123
24,3757,4,4,1,1,1,0,A14,A153,A173,A192,A201,A143,A102,A32,A40,A61,A75,A124
10,1295,3,2,1,1,1,1,A14,A151,A172,A191,A202,A143,A101,A32,A40,A62,A73,A121
5,3190,2,3,1,1,1,1,A14,A151,A173,A191,A201,A143,A103,A32,A40,A61,A73,A122
11,1553,2,2,1,2,1,1,A14,A152,A173,A191,A201,A143,A101,A34,A43,A61,A75,A124
27,8318,2,4,1,2,1,0,A12,A153,A174,A192,A201,A143,A101,A30,A49,A61,A75,A124
4,1237,1,1,1,2,1,0,A14,A152,A173,A191,A201,A143,A101,A34,A43,A62,A73,A122
5,362,4,4,1,1,1,1,A12,A152,A173,A191,A201,A143,A101,A32,A43,A65,A75,A122
11,1835,3,2,1,2,2,1,A11,A151,A172,A191,A202,A143,A101,A34,A40,A61,A73,A121
22,2718,2,4,0,1,1,1,A11,A152,A173,A191,A201,A143,A101,A32,A42,A65,A73,A123
33,8133,4,1,1,1,1,1,A12,A151,A174,A192,A201,A143,A102,A32,A42,A62,A72,A124
22,1403,4,3,1,2,1,1,A14,A152,A173,A191,A201,A143,A101,A34,A42,A61,A74,A122
18,1200,4,2,1,1,1,1,A12,A152,A172,A191,A201,A143,A103,A32,A43,A61,A75,A121
5,1237,2,4,1,2,2,1,A13,A152,A173,A192,A201,A143,A101,A34,A40,A62,A75,A123
24,3123,4,1,1,1,1,0,A11,A152,A173,A191,A201,A143,A101,A32,A40,A61,A72,A122
33,4530,2,4,1,1,2,1,A11,A153,A173,A191,A201,A143,A101,A32,A41,A61,A75,A124
8,960,2,4,1,1,1,1,A13,A152,A173,A191,A201,A143,A101,A32,A43,A62,A75,A121
22,1092,4,4,1,2,2,1,A12,A152,A173,A191,A201,A141,A101,A34,A43,A62,A72,A124
24,1207,4,4,0,1,1,0,A11,A151,A173,A191,A201,A143,A101,A32,A40,A61,A72,A122
10,1207,4,4,1,1,1,1,A14,A152,A172,A191,A201,A143,A103,A32,A40,A65,A73,A122
15,2012,2,2,1,1,1,1,A13,A152,A173,A192,A201,A143,A101,A34,A41,A63,A73,A123
15,5954,1,2,1,1,2,1,A12,A152,A174,A192,A201,A143,A101,A31,A40,A62,A71,A122
22,1291,4,2,1,1,1,1,A14,A152,A173,A191,A201,A143,A101,A32,A43,A61,A73,A122
36,7758,4,2,1,1,1,1,A14,A152,A174,A192,A201,A143,A101,A32,A41,A62,A75,A123
11,682,4,2,1,1,1,1,A11,A152,A173,A191,A201,A143,A101,A32,A40,A61,A74,A121
33,3804,2,2,1,1,1,1,A14,A153,A174,A192,A201,A143,A101,A32,A41,A61,A73,A124
15,2247,2,4,1,1,1,1,A13,A151,A173,A192,A201,A143,A101,A32,A49,A61,A74,A122
11,392,4,4,0,2,1,1,A12,A151,A173,A191,A201,A143,A102,A33,A43,A61,A73,A121
22,1881,4,1,1,1,1,1,A14,A152,A173,A191,A201,A143,A101,A32,A40,A65,A72,A122
4,609,4,3,1,2,1,0,A11,A152,A173,A191,A202,A143,A101,A34,A40,A61,A74,A122
5,1282,2,4,1,1,2,1,A11,A152,A172,A191,A202,A143,A101,A34,A40,A61,A72,A121
36,7127,2,4,0,2,1,0,A14,A151,A173,A192,A201,A143,A101,A34,A42,A61,A72,A122
5,1047,3,2,1,1,1,1,A11,A152,A173,A192,A201,A143,A101,A32,A40,A62,A75,A122
5,609,4,4,1,2,1,1,A14,A153,A173,A191,A201,A143,A101,A34,A43,A65,A75,A124
22,4530,3,4,1,2,1,1,A14,A153,A173,A191,A201,A143,A101,A34,A45,A61,A75,A124
18,3190,2,2,0,1,1,0,A11,A152,A173,A191,A201,A143,A101,A32,A43,A61,A73,A121
47,6419,3,4,1,2,2,1,A11,A153,A173,A191,A201,A143,A101,A30,A42,A61,A73,A124
24,3488,3,4,0,1,1,0,A14,A152,A173,A191,A201,A143,A101,A32,A41,A62,A74,A123
18,1113,4,4,1,1,2,0,A12,A152,A172,A191,A201,A143,A103,A32,A43,A61,A73,A121
24,7685,2,3,1,2,1,1,A12,A152,A173,A191,A201,A143,A101,A32,A41,A61,A72,A123
15,1532,4,3,1,1,1,0,A14,A152,A173,A191,A201,A143,A101,A34,A46,A62,A73,A123
4,1376,2,1,1,2,2,1,A14,A152,A172,A191,A201,A143,A101,A34,A43,A61,A74,A121
33,1957,4,4,1,1,1,1,A11,A151,A173,A191,A201,A143,A101,A32,A43,A61,A73,A123
5,448,3,4,1,1,2,1,A11,A152,A172,A192,A201,A143,A101,A32,A40,A61,A72,A121
33,1924,3,1,1,2,2,1,A12,A152,A173,A191,A201,A143,A101,A32,A46,A61,A74,A123
15,2631,2,4,1,2,1,0,A12,A151,A173,A192,A201,A143,A101,A32,A40,A62,A73,A123
11,1376,4,4,1,1,1,1,A14,A151,A173,A191,A201,A143,A101,A33,A41,A61,A73,A121
22,1236,4,3,1,1,1,1,A14,A152,A173,A192,A201,A143,A101,A32,A43,A62,A74,A122
22,2782,4,2,0,2,1,1,A14,A152,A173,A191,A201,A143,A101,A32,A43,A65,A72,A123
20,1961,2,1,1,1,1,1,A13,A151,A173,A191,A201,A143,A101,A34,A46,A61,A72,A123
4,1374,4,3,1,1,1,0,A11,A152,A174,A192,A201,A143,A101,A32,A40,A65,A71,A122
18,3612,3,4,1,1,1,0,A12,A152,A173,A192,A201,A143,A101,A34,A42,A61,A75,A122
47,7408,4,4,1,1,1,1,A11,A153,A174,A191,A201,A141,A101,A32,A40,A61,A75,A124
18,3049,1,1,1,1,1,0,A13,A152,A172,A191,A201,A142,A101,A32,A42,A61,A72,A122
11,1386,1,1,0,1,1,1,A12,A151,A173,A191,A201,A143,A101,A32,A43,A61,A72,A121
22,1603,4,4,1,2,1,1,A14,A153,A173,A192,A201,A143,A101,A33,A40,A61,A75,A124
30,5743,4,4,1,1,1,1,A11,A152,A173,A191,A201,A143,A101,A32,A42,A65,A75,A122
18,2578,2,1,1,1,2,1,A13,A152,A172,A191,A201,A143,A101,A32,A42,A61,A73,A121
11,1154,4,4,1,2,1,1,A14,A152,A172,A191,A201,A143,A101,A34,A40,A61,A75,A121
22,1240,4,2,1,2,2,1,A11,A153,A173,A191,A201,A143,A101,A33,A40,A61,A71,A121
24,2022,4,4,1,1,1,0,A14,A152,A173,A192,A201,A143,A101,A34,A40,A61,A73,A123
22,1402,3,1,1,1,2,1,A14,A152,A173,A191,A201,A141,A101,A32,A43,A61,A74,A123
12,626,4,4,0,1,1,0,A11,A152,A172,A191,A201,A141,A101,A31,A43,A61,A73,A121
47,7855,2,1,1,2,1,1,A14,A153,A173,A192,A201,A143,A101,A34,A41,A65,A74,A124
12,996,4,4,0,2,1,0,A14,A152,A173,A191,A201,A143,A101,A34,A45,A65,A74,A121
5,1449,2,4,1,1,2,1,A14,A152,A172,A191,A201,A141,A101,A31,A43,A63,A75,A122
47,6229,1,1,1,2,1,1,A11,A152,A173,A192,A201,A143,A103,A32,A43,A61,A74,A121
11,1577,4,1,1,1,1,1,A12,A152,A173,A191,A201,A143,A101,A34,A40,A62,A72,A123
8,1199,4,4,1,2,1,0,A12,A152,A174,A192,A201,A143,A101,A32,A46,A61,A74,A122
11,1240,2,1,0,1,1,1,A12,A152,A173,A191,A201,A142,A101,A32,A43,A61,A72,A123
18,2278,3,3,1,2,1,0,A12,A152,A173,A191,A201,A143,A101,A30,A40,A62,A72,A123
20,5003,1,4,1,2,1,0,A14,A152,A173,A192,A201,A141,A101,A30,A40,A65,A73,A122
22,3234,3,4,1,1,1,1,A11,A152,A173,A191,A201,A141,A101,A31,A42,A61,A74,A123
18,1553,2,2,1,2,1,1,A12,A152,A172,A191,A201,A143,A101,A34,A42,A61,A72,A121
22,2679,4,4,1,1,2,1,A11,A153,A173,A192,A201,A141,A101,A32,A41,A65,A75,A124
22,1393,4,4,0,1,1,1,A11,A151,A172,A191,A201,A141,A103,A31,A43,A61,A74,A123
4,683,2,1,1,1,1,0,A13,A152,A173,A191,A201,A141,A101,A33,A43,A61,A72,A122
33,11590,1,4,1,1,1,1,A12,A153,A173,A192,A201,A143,A101,A32,A40,A65,A73,A124
22,3804,4,2,1,2,1,1,A12,A152,A174,A192,A201,A141,A101,A33,A49,A65,A73,A122
24,1553,3,2,0,2,1,0,A12,A151,A173,A192,A201,A143,A101,A33,A43,A62,A74,A122
11,1282,2,3,1,1,1,1,A11,A152,A173,A191,A201,A143,A101,A32,A40,A61,A74,A123
22,2133,2,2,1,1,1,1,A14,A152,A173,A191,A201,A143,A101,A34,A43,A64,A75,A123
47,3599,4,1,1,2,2,1,A12,A152,A173,A192,A201,A143,A101,A32,A43,A65,A74,A123
48,6758,3,2,1,1,1,0,A11,A152,A173,A192,A201,A143,A101,A32,A43,A61,A73,A123
24,3234,4,4,0,1,1,0,A11,A151,A172,A192,A201,A143,A101,A32,A42,A61,A72,A121
30,4811,3,2,1,1,1,1,A14,A152,A173,A191,A201,A143,A102,A34,A43,A61,A74,A123
24,5433,2,4,1,1,1,0,A14,A151,A174,A192,A201,A143,A101,A32,A41,A65,A71,A122
15,806,4,4,0,1,1,0,A11,A152,A172,A191,A201,A143,A101,A32,A49,A61,A73,A122
8,959,4,4,1,2,1,1,A12,A152,A172,A191,A201,A143,A101,A32,A43,A61,A75,A123
15,2788,2,3,0,2,1,0,A14,A152,A173,A191,A201,A141,A102,A34,A42,A61,A74,A123
12,2930,2,1,1,1,1,0,A12,A152,A173,A191,A201,A143,A101,A32,A43,A61,A74,A121
24,1927,3,2,1,2,1,0,A14,A152,A173,A192,A201,A143,A101,A34,A46,A65,A73,A123
33,2404,4,4,1,2,1,1,A12,A152,A173,A191,A201,A143,A101,A34,A40,A61,A72,A123
22,860,4,3,1,2,1,1,A14,A152,A172,A191,A201,A143,A101,A32,A48,A61,A72,A123
18,951,3,3,1,2,1,1,A12,A152,A173,A191,A201,A141,A103,A34,A40,A61,A75,A121
11,2788,1,3,1,2,2,1,A12,A152,A172,A191,A201,A141,A101,A34,A40,A61,A72,A121
8,1388,4,2,1,1,1,0,A14,A151,A173,A191,A201,A143,A101,A32,A42,A61,A73,A121
33,2022,4,1,1,1,1,1,A12,A151,A172,A191,A201,A143,A101,A32,A45,A61,A72,A124
12,2133,4,4,1,1,1,0,A14,A153,A174,A192,A201,A143,A101,A32,A40,A65,A75,A124
18,2039,1,4,0,1,1,0,A11,A151,A173,A191,A201,A141,A101,A32,A42,A61,A73,A121
8,2404,2,2,1,2,2,1,A11,A151,A173,A191,A201,A143,A101,A34,A40,A61,A73,A121
11,1199,4,1,0,1,1,1,A11,A152,A172,A191,A201,A143,A103,A32,A42,A61,A73,A122
18,1092,4,3,1,1,1,1,A11,A152,A172,A192,A201,A143,A101,A32,A44,A61,A73,A121
11,1864,3,3,1,2,1,1,A11,A152,A173,A191,A201,A143,A101,A34,A42,A61,A75,A122
12,385,4,3,1,4,1,0,A11,A152,A172,A192,A201,A143,A101,A34,A43,A61,A74,A121
24,1965,4,4,1,2,1,0,A12,A151,A173,A192,A201,A143,A101,A33,A40,A65,A73,A123
20,1572,4,4,1,1,1,0,A14,A152,A172,A191,A201,A141,A101,A32,A49,A64,A75,A121
24,2718,3,4,0,1,1,0,A12,A151,A172,A192,A201,A143,A101,A32,A40,A61,A73,A122
22,1275,4,3,1,1,1,1,A11,A152,A174,A192,A201,A142,A101,A31,A410,A65,A75,A123
4,931,1,1,1,1,1,0,A12,A152,A172,A191,A201,A142,A101,A31,A40,A62,A72,A122
24,1442,4,4,0,2,1,0,A11,A151,A173,A191,A201,A143,A101,A32,A40,A61,A74,A123
22,3632,1,4,1,3,1,1,A12,A152,A172,A192,A201,A143,A101,A30,A49,A61,A73,A121
18,2394,2,2,1,2,1,1,A14,A152,A173,A191,A201,A141,A101,A34,A40,A61,A74,A122
22,3447,1,2,1,1,1,1,A14,A153,A173,A191,A201,A143,A101,A33,A49,A61,A73,A124
5,2329,1,1,1,1,1,0,A12,A152,A173,A191,A201,A143,A103,A32,A43,A61,A72,A121
8,918,4,1,1,1,1,0,A12,A152,A173,A191,A201,A143,A101,A32,A42,A61,A73,A122
24,1837,4,4,1,1,1,0,A12,A153,A172,A191,A201,A141,A101,A31,A46,A61,A74,A124
36,3349,4,2,1,1,1,0,A14,A152,A174,A192,A201,A143,A101,A32,A42,A61,A73,A123
10,1275,4,2,0,1,1,0,A13,A152,A173,A191,A201,A143,A101,A32,A42,A61,A72,A122
22,2406,4,4,0,1,1,1,A11,A152,A173,A192,A201,A142,A101,A31,A42,A63,A73,A121
22,3660,3,2,1,1,1,1,A14,A152,A174,A192,A201,A143,A101,A34,A49,A61,A73,A121
36,2671,4,4,1,1,1,0,A12,A153,A173,A191,A201,A143,A102,A32,A43,A62,A73,A124
18,1620,4,1,1,1,1,1,A14,A152,A173,A191,A201,A143,A101,A32,A43,A61,A72,A121
15,1200,4,4,1,1,2,1,A14,A153,A173,A191,A201,A141,A101,A32,A41,A65,A75,A124
12,741,4,3,0,1,1,0,A11,A152,A173,A191,A201,A143,A101,A32,A44,A62,A71,A122
10,1240,1,4,1,1,2,0,A13,A153,A172,A191,A201,A143,A101,A32,A40,A62,A75,A124
20,3357,4,2,1,1,1,0,A11,A152,A173,A191,A201,A141,A101,A32,A43,A64,A72,A123
24,3632,1,4,0,1,1,0,A11,A151,A173,A191,A202,A141,A103,A31,A41,A61,A73,A123
18,1808,4,1,0,1,1,0,A14,A152,A173,A191,A201,A143,A101,A33,A42,A61,A74,A121
47,11590,2,2,1,1,1,1,A12,A152,A174,A192,A201,A141,A101,A30,A49,A65,A73,A123
48,8318,2,2,1,1,1,1,A12,A153,A174,A191,A201,A143,A101,A33,A43,A65,A73,A124
5,3357,1,3,1,3,2,1,A11,A151,A173,A191,A201,A143,A101,A34,A40,A61,A73,A121
30,3441,2,4,0,1,1,0,A12,A151,A173,A191,A201,A143,A102,A32,A42,A62,A73,A123
11,433,4,2,1,1,1,1,A14,A152,A172,A191,A201,A143,A101,A32,A40,A61,A73,A121
20,3349,2,3,1,2,1,1,A12,A152,A173,A191,A201,A143,A101,A34,A49,A61,A74,A122
18,1382,3,2,1,2,1,1,A14,A152,A173,A191,A201,A141,A101,A34,A40,A61,A73,A122
47,3499,4,2,1,1,1,1,A14,A152,A173,A191,A201,A141,A101,A32,A49,A65,A73,A121
12,1858,4,1,0,1,1,0,A11,A151,A173,A191,A201,A143,A101,A32,A42,A61,A72,A123
18,2146,4,4,1,2,1,1,A11,A153,A173,A191,A201,A143,A101,A32,A43,A61,A73,A124
15,1572,4,2,1,1,1,1,A14,A152,A173,A191,A201,A143,A101,A32,A43,A65,A75,A123
5,1808,2,2,1,1,1,1,A13,A152,A173,A192,A201,A143,A101,A32,A42,A61,A73,A121
8,1352,2,3,1,1,1,1,A12,A152,A173,A191,A201,A143,A101,A31,A40,A62,A74,A124
42,3609,4,4,1,2,1,1,A14,A152,A173,A192,A201,A143,A101,A34,A42,A63,A73,A121
8,3441,1,4,1,1,1,1,A14,A152,A172,A191,A201,A143,A101,A32,A46,A65,A75,A121
24,3660,2,4,1,1,1,0,A11,A152,A173,A191,A201,A143,A101,A32,A43,A61,A73,A123
18,1402,4,3,1,1,1,1,A11,A152,A173,A191,A201,A141,A101,A31,A42,A61,A73,A123
15,1352,4,1,0,1,1,1,A12,A152,A173,A191,A201,A143,A101,A32,A43,A65,A72,A122
8,1980,2,2,0,2,1,0,A14,A151,A173,A191,A201,A143,A102,A32,A42,A61,A72,A123
24,1355,3,4,0,1,1,0,A12,A152,A172,A192,A201,A143,A101,A32,A40,A61,A72,A123
11,1287,4,4,1,3,2,1,A14,A152,A173,A192,A201,A141,A101,A32,A46,A61,A75,A122
24,1376,4,1,1,1,1,0,A14,A152,A173,A191,A201,A143,A101,A32,A43,A63,A74,A123
48,14782,2,4,0,2,1,1,A14,A152,A173,A192,A201,A143,A101,A33,A43,A61,A74,A123
12,1493,4,3,1,1,2,0,A14,A152,A173,A191,A201,A143,A101,A32,A43,A61,A72,A123
42,3643,3,2,1,2,2,1,A11,A152,A173,A192,A201,A141,A101,A33,A43,A61,A74,A122
18,750,4,1,1,1,1,0,A11,A152,A171,A191,A201,A143,A101,A32,A46,A61,A71,A121
15,1207,4,4,1,2,1,1,A12,A152,A172,A191,A201,A143,A101,A32,A45,A61,A75,A123
15,3758,3,2,1,1,1,1,A14,A152,A174,A192,A201,A143,A101,A32,A46,A62,A73,A122
22,1493,4,2,1,2,1,1,A14,A152,A173,A192,A201,A143,A103,A34,A43,A61,A74,A123
18,1501,4,1,1,2,1,1,A11,A152,A174,A192,A201,A143,A101,A34,A43,A61,A74,A122
33,7685,4,4,1,2,1,1,A14,A151,A173,A192,A201,A143,A101,A33,A49,A65,A72,A123
30,3749,2,2,1,2,1,1,A11,A152,A173,A191,A201,A143,A103,A30,A42,A61,A73,A121
12,1386,2,2,1,1,1,0,A14,A152,A173,A191,A201,A143,A101,A32,A40,A63,A73,A122
22,915,4,3,1,1,2,1,A13,A153,A173,A191,A201,A141,A101,A32,A40,A61,A74,A124
11,518,4,4,1,1,2,1,A11,A151,A172,A191,A201,A143,A101,A32,A46,A61,A73,A123
47,7174,4,1,1,1,1,1,A11,A153,A174,A192,A201,A143,A101,A32,A46,A61,A74,A124
11,1533,4,2,1,1,1,1,A12,A152,A172,A191,A201,A143,A101,A32,A42,A61,A73,A122
22,1957,4,1,1,1,1,1,A11,A152,A173,A191,A201,A143,A102,A32,A40,A61,A75,A121
33,7721,2,4,1,4,1,1,A12,A152,A174,A192,A201,A143,A101,A33,A40,A62,A75,A123
22,1980,4,3,1,2,1,1,A14,A152,A173,A192,A201,A143,A101,A34,A41,A61,A74,A123
13,3599,1,4,0,1,1,1,A11,A153,A173,A191,A201,A143,A101,A32,A40,A61,A71,A124
11,797,4,4,1,1,2,1,A12,A152,A172,A191,A201,A141,A101,A32,A40,A61,A75,A123
47,8487,4,3,1,1,1,1,A14,A152,A173,A192,A201,A142,A101,A32,A43,A65,A74,A123
30,4221,2,1,1,2,1,0,A12,A152,A173,A191,A201,A143,A101,A30,A49,A61,A73,A123
18,5743,2,1,1,1,1,1,A12,A152,A173,A192,A201,A143,A101,A34,A42,A61,A75,A124
11,1199,3,4,0,1,1,1,A13,A151,A173,A191,A201,A143,A101,A32,A43,A61,A73,A121
11,797,4,2,0,1,1,1,A11,A152,A173,A191,A201,A143,A101,A32,A40,A65,A73,A123
20,1864,4,2,1,2,1,1,A14,A152,A173,A191,A201,A143,A101,A32,A42,A61,A75,A121
5,932,4,1,1,2,1,1,A12,A152,A174,A192,A201,A142,A101,A33,A42,A61,A71,A122
4,1047,2,4,1,1,1,0,A13,A152,A172,A191,A201,A143,A101,A34,A46,A61,A73,A122
22,5433,4,2,1,2,1,1,A14,A152,A174,A192,A201,A141,A102,A34,A410,A61,A71,A124
30,3186,4,2,1,1,2,1,A12,A152,A173,A192,A201,A142,A101,A31,A42,A64,A73,A123
48,3609,1,1,1,1,1,0,A14,A152,A173,A191,A201,A142,A101,A31,A49,A61,A73,A121
11,3972,3,4,1,2,1,1,A11,A151,A173,A192,A201,A143,A102,A34,A40,A61,A75,A122
30,2718,4,4,1,1,1,1,A13,A152,A173,A191,A201,A143,A101,A34,A43,A61,A75,A122
22,3612,3,3,1,2,1,1,A14,A152,A172,A192,A201,A143,A101,A34,A49,A62,A73,A122
33,4675,2,2,1,2,1,1,A14,A152,A173,A192,A201,A143,A101,A32,A49,A62,A74,A123
48,9566,2,4,1,1,1,1,A14,A152,A174,A192,A201,A143,A101,A32,A40,A61,A75,A122
5,1755,1,2,0,1,1,1,A14,A152,A173,A191,A201,A143,A101,A34,A40,A63,A73,A123
20,2146,4,2,1,1,2,1,A14,A152,A172,A191,A201,A141,A101,A33,A49,A63,A72,A121
30,4530,4,4,1,1,1,0,A14,A151,A174,A192,A201,A143,A101,A34,A43,A61,A74,A123
22,4221,4,4,1,1,1,1,A14,A152,A173,A192,A201,A143,A101,A34,A42,A61,A75,A123
60,4611,2,2,0,1,1,1,A12,A152,A173,A191,A201,A143,A101,A32,A43,A62,A73,A123
22,2022,4,4,1,1,1,1,A11,A151,A172,A191,A201,A141,A101,A32,A43,A61,A75,A121
18,1453,3,1,1,1,1,0,A14,A152,A173,A191,A201,A143,A101,A32,A43,A61,A72,A121
4,1538,1,2,1,1,1,0,A14,A152,A173,A191,A201,A143,A101,A32,A46,A61,A72,A124
11,1924,4,4,1,1,1,1,A14,A153,A173,A192,A201,A143,A101,A32,A43,A65,A73,A124
15,1364,4,3,1,2,1,1,A14,A152,A173,A191,A201,A141,A101,A33,A43,A61,A73,A121
22,3972,3,3,1,3,1,1,A14,A153,A173,A192,A201,A143,A101,A34,A43,A61,A72,A124
33,8471,1,3,1,2,2,1,A12,A152,A172,A192,A201,A143,A101,A33,A49,A62,A74,A122
48,5951,4,4,1,1,2,1,A14,A153,A173,A192,A201,A143,A101,A32,A40,A65,A73,A124
10,1275,4,2,1,2,1,1,A13,A152,A173,A192,A201,A143,A101,A34,A43,A65,A74,A122
33,2578,4,3,1,1,1,1,A12,A153,A173,A191,A201,A143,A101,A33,A40,A62,A75,A124
8,2288,3,4,1,1,1,1,A14,A152,A173,A192,A201,A143,A102,A32,A43,A62,A75,A123
11,3349,1,3,1,1,2,1,A11,A152,A173,A191,A201,A143,A101,A32,A40,A64,A73,A122
15,918,2,3,0,2,1,1,A11,A152,A173,A191,A201,A143,A101,A34,A42,A61,A73,A122
15,2631,3,2,0,1,1,0,A12,A152,A172,A191,A201,A143,A101,A32,A45,A62,A73,A121
22,2631,2,1,1,1,1,1,A12,A152,A173,A191,A201,A143,A101,A32,A43,A62,A72,A123
5,3812,1,3,1,2,2,1,A11,A152,A172,A191,A201,A143,A101,A34,A40,A65,A72,A121
22,1924,4,2,1,1,1,1,A14,A152,A173,A192,A201,A143,A101,A32,A43,A61,A74,A123
5,1126,2,4,1,1,1,1,A14,A151,A173,A191,A201,A143,A101,A32,A41,A63,A73,A122
11,959,4,3,1,2,1,1,A12,A152,A173,A191,A202,A143,A103,A32,A43,A61,A74,A121
12,926,1,2,1,1,1,0,A14,A152,A171,A191,A201,A143,A101,A34,A40,A61,A71,A122
18,1459,4,2,0,2,1,1,A14,A152,A173,A191,A201,A143,A101,A34,A43,A61,A73,A123
15,1525,4,4,1,1,1,1,A13,A151,A174,A192,A201,A143,A101,A32,A46,A61,A75,A123
