mean_skewness,mean_kurtosis,pca_components_95_var,max_categories,mean_categories,mean_entropy,correlation,confidence,support,value_below_thres,prop_below_thres,target
1.2328852303431017,5.379021678618943,4,16,8.833333333333334,1.2026160174507317,3.4943769412835053,0.6669642857142857,99.5,0.6084379688466408,0.5333333333333333,0.11225751401287887
0.683811304122159,2.0496305221941187,4,16,8.0,1.1353412690436242,3.1636304500667487,0.6573613086770982,98.5,0.6346459214515063,0.5066666666666667,0.052986197594162676
1.2663922082521133,5.355866241696266,4,14,8.166666666666666,1.1800224612615928,25.5646394751315,0.7948431171029563,102.5,0.5528238929957534,0.5366666666666666,0.19423651255052998
1.1572956054860972,6.123816386785457,4,16,8.833333333333334,1.2005894891898585,10.352393019651188,0.7584253741436714,97.25,0.575966774960749,0.5466666666666666,0.1698366628421104
0.8824417528852013,3.6303633450797363,4,16,8.166666666666666,1.1794251209462805,6.990866022911115,0.6997520817671061,98.33333333333333,0.6499982768907726,0.5133333333333333,0.051559703087703745
0.9747978933714139,3.0388282854773547,4,15,8.5,1.1842011368214858,7.661049179251187,0.7597118554247168,97.33333333333333,0.5998850931761215,0.5066666666666667,0.08913706985638059
1.1579737551893208,5.229976953619195,4,15,8.0,1.1924096467782253,12.528932636232707,0.7567300997911348,99.5,0.47234999954567114,0.5366666666666666,0.2643635341869942
0.9504576390363367,4.419549495811664,4,15,8.0,1.1621302483665075,10.724755373833585,0.5359116022099447,97.0,0.5193111474587557,0.6033333333333334,0.2194762553191245
1.1299182737796634,4.213791955275269,4,15,8.0,1.1713873077698114,11.49283988957902,0.7736823139356248,100.75,0.5951319675405788,0.54,0.2314453168639502
1.018249244326183,4.25452308930345,4,16,8.166666666666666,1.177881844419294,14.59296586956846,0.7591240875912408,104.0,0.5758486736719955,0.5433333333333333,0.07839979494762905
1.171754839207173,6.960620897462126,4,14,8.166666666666666,1.142763048571345,11.43388150582155,0.75,105.0,0.5264857903500338,0.5333333333333333,0.1520529249081567
0.8306863089344321,2.6928567213498105,4,14,8.0,1.1575117431979862,8.899055489964585,0.6801948051948052,100.5,0.532321836254868,0.56,0.27662838975697013
0.9556280456152672,3.2146799172305762,4,16,8.666666666666666,1.2072049926224793,19.653858959438697,0.7764391341774509,101.25,0.5372687023081252,0.53,0.2971638549201474
0.9338206961016442,3.6181141001705557,4,14,8.0,1.1604426698739199,8.387271429899808,0.6528521903561298,96.5,0.5893959685824358,0.5566666666666666,0.1454072001201362
0.973556362238786,4.265268150260198,4,15,8.333333333333334,1.1974442793299642,5.305414140734839,0.723186979107529,101.0,0.6700420072201496,0.51,0.0630981885225469
1.0474451035638452,4.312126675433842,4,15,8.333333333333334,1.170889612354431,22.474243243770985,0.7563622477786877,96.0,0.5071394721713434,0.5566666666666666,0.2982559259063219
1.3274679844270527,5.9280941695023515,4,15,8.166666666666666,1.1690113175673489,3.786187805936741,0.7051108801108801,100.66666666666667,0.5970380844308854,0.5066666666666667,0.11635440589012824
1.2873347543379574,7.3687375433442455,4,14,7.833333333333333,1.1451503322174512,11.123951771555754,0.7517605633802817,100.0,0.597559595665688,0.5266666666666666,0.08305398141447395
1.0689145038276717,3.5229076886576633,4,16,8.666666666666666,1.170062064050626,16.02727629513344,0.7617473435655254,99.5,0.4879610812365737,0.5333333333333333,0.2152943239884853
1.138793501301986,4.750592654112153,4,15,8.666666666666666,1.1768380507463734,1.6645869500108585,0.7110900680362126,101.66666666666667,0.6154580568314671,0.49333333333333335,0.10194662195147564
0.9913710059965412,3.60794940951634,4,14,7.833333333333333,1.1798365354895324,6.698358240765971,0.7379963782460542,101.75,0.6244490044105272,0.49666666666666665,0.1996038163509014
1.131436765886662,4.02933434394643,4,15,8.333333333333334,1.1731030552213493,12.781746040129827,0.7171189756269518,99.0,0.5516500955315423,0.5366666666666666,0.25506286107060683
0.7816314038662731,2.3886832754356813,4,16,8.833333333333334,1.17391482981367,6.716451154612343,0.7273102736189985,101.5,0.5306313336591014,0.5033333333333333,0.14218498039834715
1.1159123590622089,5.31699056832446,4,17,9.0,1.2030555003214494,4.040911735399382,0.6741956273140879,99.0,0.6033031165837466,0.5366666666666666,0.15221315267931368
0.9804373038233004,4.256537044443912,4,14,8.166666666666666,1.1934203636022056,11.920902893842364,0.7303039734412283,100.33333333333333,0.6412219576956585,0.55,0.21197683469180173
0.9152988313500274,3.339391223825892,4,16,8.5,1.1923259252242597,12.256721653137031,0.7506092157731502,101.5,0.508568566373463,0.5066666666666667,0.2231509478607635
0.8709428924897638,2.9407866266578564,4,17,8.333333333333334,1.1761303734645885,12.64004791694897,0.6530105244139301,96.0,0.49680425596723676,0.5633333333333334,0.30084216955034804
0.9801873103308504,4.1591059376610255,4,15,8.166666666666666,1.1420985886097363,8.012405545183316,0.6835071549842348,98.5,0.5215475468330594,0.48333333333333334,0.21307595566003934
0.9773469883293228,3.0203866375351427,4,17,8.666666666666666,1.1874646092841752,18.818373855350643,0.7941175144490753,102.5,0.5208302584496972,0.5366666666666666,0.3473359958356115
1.0448415039248766,4.218110141148872,4,16,8.5,1.1997528268646287,11.31491786977194,0.6650918167231236,99.0,0.6118164459398724,0.5266666666666666,0.13352524845873526
0.8719852901387697,3.2396061825276647,4,15,8.5,1.1599338143936482,9.832651009121602,0.7481550720372967,98.33333333333333,0.5317308892278326,0.51,0.21400540963382841
0.9223784288344634,3.1926737621264643,4,15,8.5,1.1626253256081747,18.62958470101328,0.6647727272727273,97.5,0.5365784013720452,0.56,0.232307991602696
1.0004669169116507,3.3704848255863773,4,17,8.833333333333334,1.1613894111186691,4.873634914359651,0.6846804511278195,100.0,0.5414385049342256,0.49333333333333335,0.1906847580948211
1.1131933897501765,4.806152679807017,4,16,8.5,1.1883546392897857,2.412556169953768,0.697624432859572,97.75,0.6231537182481395,0.53,0.1511116105994701
1.188144232568851,5.49665276850148,4,17,8.666666666666666,1.1484720547863803,8.608148825783504,0.7466370540100016,99.25,0.5771839755654361,0.5433333333333333,0.20195610155093147
1.0868007676229539,3.6194387746707237,4,17,8.166666666666666,1.155235230408395,12.008170204424307,0.6539741053767307,96.5,0.5145086472134399,0.5533333333333333,0.275643755369805
0.8021761429735138,2.6069763367901855,4,16,8.5,1.1987348881097921,11.744902398967128,0.7364864864864865,109.0,0.540735038118317,0.5066666666666667,0.25080265445875216
1.2523598700048202,5.369021588179013,4,16,8.5,1.1960645322443488,7.30573418207117,0.6794414623299835,99.25,0.6057703480152652,0.5766666666666667,0.14258067194313895
1.2507751610979743,5.135266223580294,4,16,8.333333333333334,1.2016772373740678,15.044341216216214,0.788123279101956,102.33333333333333,0.4884795986109194,0.5066666666666667,0.31254976477871366
1.2886639246364489,6.650681817091947,4,15,8.0,1.1736947211217397,10.587187522345847,0.6643340601289366,98.0,0.6061456359714013,0.5566666666666666,0.20497802131941112
1.0509754438508923,4.349049409949171,4,14,7.833333333333333,1.1837982831701854,2.8046908012201106,0.650978460436165,97.0,0.626706143186979,0.5433333333333333,0.1689200209537206
1.1427778542415923,5.669222339009606,4,14,7.833333333333333,1.179332218486933,42.71746277923668,0.8378706129443593,101.66666666666667,0.49640766531034564,0.5233333333333333,0.35698463703825734
1.0436533374803305,4.291055064233601,4,14,7.833333333333333,1.2150198223686612,7.4171703113219305,0.7141283510649439,95.75,0.606213434429123,0.51,0.16398504286506554
1.0334737084182277,3.838358070805142,4,16,8.5,1.1845412099587915,9.89228365183014,0.6620500468352737,98.5,0.514004237180766,0.53,0.2758986929576914
1.0199373225162611,4.504946395078921,4,15,7.833333333333333,1.1623512898504946,5.403981077296716,0.7114093959731543,106.0,0.5549244649676067,0.5033333333333333,0.27608582067846876
1.00032905534299,3.841644373626539,4,16,8.666666666666666,1.1768604899565587,3.4457111384435803,0.6495810304867178,97.0,0.6959564710942711,0.5266666666666666,0.05312794798501219
0.9473301768100886,3.6386452380526446,4,15,8.0,1.17161108679394,8.067929366720612,0.6488041719115267,96.0,0.5482355124041878,0.5533333333333333,0.10389436052341683
0.9759488742552391,4.291633304800274,4,14,7.666666666666667,1.1454119645834482,11.317063625050675,0.6569861535695019,97.0,0.5278723358333806,0.5533333333333333,0.09102024396417518
0.9727067755937719,2.776157850806273,4,16,8.333333333333334,1.1671603176714889,17.048936240674433,0.7623812628880833,100.66666666666667,0.5838368476378829,0.5133333333333333,0.16107831139309192
1.0823407106899003,4.589168158694991,4,15,8.166666666666666,1.1410479736089527,30.56650726471482,0.8457696559481788,108.0,0.47827393730557494,0.5166666666666667,0.33207648373771187
1.3796858839789954,7.738884316114479,4,14,8.0,1.1533098772331685,6.51118942999371,0.7117405352049629,100.0,0.5841150649581623,0.5133333333333333,0.14361264637719395
0.9751270160594434,3.8997351462845202,4,16,8.5,1.184813219294916,5.688335262548666,0.7285688732141743,102.5,0.6748408652805935,0.52,0.1699020812763653
0.9810185135544435,3.3793708947694006,4,16,8.666666666666666,1.1777066619135896,27.81175664067662,0.7896643783371472,99.5,0.553514924010467,0.54,0.2730059299078458
0.9565489888756398,3.4881830893827384,4,15,8.166666666666666,1.2109422901668767,11.935922873422879,0.7421836624422832,101.66666666666667,0.6627004895239123,0.52,0.15738218577690033
1.0677464839562159,4.489140151970234,4,16,8.0,1.17991294830571,12.492992994369569,0.7998613789321328,101.75,0.5935650211512468,0.49333333333333335,0.1944794174297928
1.1272082557915821,4.887833922301243,4,16,8.833333333333334,1.1593840129108628,6.365797561960893,0.6865293869298985,97.33333333333333,0.5554254216652219,0.53,0.20115177197081124
0.9074902438538877,2.4750899431163638,4,15,8.166666666666666,1.1913098827660755,24.31784676264344,0.8063864697715512,102.0,0.4529289837069436,0.5366666666666666,0.36074665091394026
0.9598267961405222,3.4493128872583037,4,18,9.0,1.1707987830336355,1.2327516233766234,0.6526295242048666,96.66666666666667,0.6190222159894936,0.56,0.05832521786393874
1.2959106714628215,7.6030432814393025,4,15,8.166666666666666,1.1472525645123042,5.730810848844902,0.6765091001933108,96.66666666666667,0.5991761564273588,0.5066666666666667,0.10653940532114792
1.283427108442899,6.083731904838866,4,14,8.0,1.1637378491282462,13.384888275422332,0.7184733835418767,99.66666666666667,0.610857997029987,0.5133333333333333,0.16018740811778742
0.8397266366543851,2.5181856087268004,4,15,8.0,1.1772145310853694,8.981180069358109,0.7498759305210918,107.0,0.3900929331749754,0.48333333333333334,0.33445484248250157
0.9495033103765818,2.675033124362071,4,15,8.5,1.1962080565478215,18.49636151112541,0.7620999219359874,102.5,0.54419450658564,0.51,0.2503517432133272
0.9030134425505708,3.3474760178621197,4,14,7.666666666666667,1.1487886996116246,12.269798558309468,0.7141552706552706,100.33333333333333,0.5892127695852535,0.52,0.22072257431820852
1.1330260234405352,5.324152020671569,4,14,8.0,1.1277758904164035,15.692826009606831,0.7787083160370831,103.33333333333333,0.5613660721020712,0.5133333333333333,0.22799653466797043
1.3097290609660948,7.635191108960836,4,16,8.666666666666666,1.1577165776006273,8.666674307720521,0.7252162530266344,97.5,0.5348510083225416,0.5333333333333333,0.294746631180669
1.0899460079907421,5.6900107066919094,4,15,8.166666666666666,1.1770054499461224,12.7846793989215,0.757795718879156,100.75,0.5447739804892293,0.5133333333333333,0.20111624392901983
1.1256904257727112,4.400937647617372,4,13,7.666666666666667,1.1686879310363267,17.633712035803796,0.7376744317736748,98.75,0.5229649489109538,0.5266666666666666,0.3027828971526574
1.1209014442812575,4.054182349438717,4,17,8.666666666666666,1.180650204717823,11.053003432943694,0.7774725274725275,109.5,0.6539207793440227,0.48,0.09303913402713226
1.3347424201453506,6.536251554274038,4,14,7.666666666666667,1.186039932604715,12.870460142204262,0.7393719380118808,99.0,0.48464692619362937,0.4866666666666667,0.307040342016885
0.742255317025805,2.1201101387342627,4,14,7.833333333333333,1.1510359746267453,26.561374182205952,0.820491237157904,104.0,0.40433525237727175,0.5233333333333333,0.4207744642137421
1.0288843717613698,4.3632373111653555,4,15,8.0,1.1663240008295919,4.742582504164603,0.6527862678034958,97.0,0.5956077386166024,0.5566666666666666,0.16272204827054515
0.8698659795171175,3.1783593199494145,4,14,7.666666666666667,1.1508213954461401,10.868511496937789,0.7651351351351352,104.5,0.5404158930899166,0.5066666666666667,0.19372705902470322
0.8659679437429546,2.610361550782557,4,16,8.333333333333334,1.1543226574813144,6.941849205182736,0.7186775815721171,102.0,0.5902296079271929,0.5166666666666667,0.2555320938822423
1.038671259998148,4.6150373610934,4,15,7.666666666666667,1.113297025399026,5.295352227534744,0.6449349836900666,96.0,0.5712413510861702,0.5366666666666666,0.15918283514311526
0.8056520971429488,2.1948971154839048,4,16,8.666666666666666,1.2035044854979782,12.132797456450673,0.6752048721508217,100.0,0.5487797760308442,0.5433333333333333,0.2357596000069937
1.1630222617395545,4.4892640312401575,4,15,8.166666666666666,1.1909193647381373,4.48042216205113,0.6698885092609244,99.5,0.5666097872563441,0.5533333333333333,0.16106625378444872
1.0278793730210056,4.0389310206211775,4,15,8.0,1.1386462189862923,6.810549860410192,0.6850884696771871,101.5,0.6110900761610529,0.5566666666666666,0.23684375475519814
1.2088934247262968,7.1284120706402545,4,15,7.666666666666667,1.1795744220014766,5.041890750700031,0.6960083368147292,96.75,0.5893628573034375,0.5033333333333333,0.14471470574098078
1.425997993252096,8.437733653927273,4,15,8.0,1.182794877834948,16.54998633116613,0.7846796277709626,103.33333333333333,0.5047908033052979,0.51,0.2702209645282234
0.8072304927905245,2.9067921847876534,4,14,7.666666666666667,1.1498463974958317,18.975892888936368,0.7555555555555555,102.0,0.5017067404643302,0.55,0.2576082989320648
1.3196366754720261,7.6162835540649105,4,13,7.666666666666667,1.125688683787535,23.57001408622056,0.7753598952018619,105.0,0.6123629902400146,0.49,0.14772622701457305
0.9799011606327689,3.615218380108949,4,16,8.5,1.232298126460664,15.437961706618424,0.7752459016393443,105.5,0.5088876062391416,0.5,0.22257428076083663
0.9644922260028477,4.153043041311526,4,15,7.833333333333333,1.1745690766190713,17.433135491703105,0.7531032229965157,99.5,0.47524720919475677,0.52,0.38716703941386116
0.9677268930112927,3.9907993125309806,4,17,8.833333333333334,1.202967784714771,7.7035070942888275,0.7183098591549296,102.0,0.5693362496114244,0.5266666666666666,0.17765778445231706
0.9967168057077076,4.551000372205307,4,15,8.0,1.1716858957858742,11.366641595496894,0.7307368637110017,100.0,0.5844955183094643,0.5333333333333333,0.1696911039007455
1.168156867255855,5.511596485067121,4,17,9.0,1.190008516216523,7.662222664627702,0.7389833442465021,104.33333333333333,0.5844551790984878,0.5066666666666667,0.22030771305260777
0.9532032846969238,3.338159865562952,4,15,8.333333333333334,1.1714569063165874,6.226007733003339,0.7032128686995357,99.66666666666667,0.6833458620789647,0.51,0.07906107460105316
1.3358484096991154,6.52310750135538,4,15,8.166666666666666,1.1943941485121077,15.479692147579307,0.669652053199588,99.0,0.609793047971916,0.5433333333333333,0.15726945464865894
1.2122385845549055,4.831196441126369,4,16,8.833333333333334,1.2062335870722671,7.538287582284717,0.6734584210290627,100.0,0.6093647002323623,0.5433333333333333,0.1878835342067794
0.9451298673302391,3.056723838336118,4,17,8.5,1.195144067884535,18.977151579763525,0.7875000000000001,102.5,0.5874490875275612,0.5333333333333333,0.1714514367649601
0.9344859714438796,3.2297451992841024,4,15,8.5,1.1885933317161463,4.646179967148446,0.6975579463130225,100.0,0.6330024279500134,0.5033333333333333,0.11316898255325203
0.9448803153106167,3.8064315642806164,4,16,8.833333333333334,1.1786400258941265,14.302363940100285,0.6731809990083949,99.66666666666667,0.7224376477089776,0.59,0.051767787626164075
1.2250183168610422,7.85476826731395,4,15,8.333333333333334,1.1355671701048478,19.52477659237975,0.7859357855064166,114.0,0.47337437283184397,0.49,0.3269299987293121
0.9772762252944887,2.9834541827682073,4,16,8.166666666666666,1.1681703042261162,9.574633874689722,0.7537404015245347,99.66666666666667,0.5698972956234956,0.5033333333333333,0.13970193553350052
0.8756446083180244,3.796499679915922,4,16,8.833333333333334,1.176416688214407,15.865447794162876,0.6905921441900688,101.0,0.5767580517696165,0.5766666666666667,0.18337729782611678
1.2277568825092486,5.36477595316555,4,15,8.333333333333334,1.1887693771760397,3.931138246777052,0.6778044551153795,101.5,0.5734599418833798,0.51,0.20780315798614069
0.9914043947741462,3.6842093463133168,4,14,7.833333333333333,1.159115685393182,10.013994350870702,0.6611884823787559,98.0,0.6167811205532765,0.5433333333333333,0.18055924290853664
1.2432992092462627,5.912301050626799,4,16,8.666666666666666,1.2057099349314082,5.754696431388162,0.6760816326530611,99.66666666666667,0.7115028293274782,0.5833333333333334,0.08073784708392473
0.9968413118989995,4.044858157537308,4,14,7.5,1.1411751445440517,8.144983536314522,0.6720463945333572,99.5,0.5015519027218188,0.5533333333333333,0.2705354277513068
1.0154294164344129,3.968792562937951,4,15,8.166666666666666,1.16767371585102,19.322347228973353,0.7598349567099567,96.25,0.5459110876245944,0.5333333333333333,0.2845943634790735
0.878587632835536,3.4379018359887907,4,16,8.5,1.1896600053564403,8.434311224489797,0.7079621767121766,98.25,0.6750353861130749,0.5333333333333333,0.15717278680207492
0.9191351662268148,2.8240324291208663,4,15,7.666666666666667,1.1611539933204793,11.121590691120485,0.7220673635307783,100.66666666666667,0.6464302872443692,0.5333333333333333,0.17433366650598092
1.1905007797607796,5.2022072824994865,4,16,8.5,1.2235316079417744,18.40341179769866,0.7657283580435116,103.0,0.6456753920541898,0.5066666666666667,0.17058190089558745
0.8507675122692537,2.80206043713694,4,17,8.5,1.207405295853899,0.43956777855669793,0.6336237553342816,95.0,0.6466318147013373,0.5066666666666667,0.006670007131034605
1.068119872739414,4.59937134763471,4,15,8.166666666666666,1.147273437497468,2.952357150373569,0.7289863392069751,99.4,0.6175886943273595,0.48,0.1632791718299973
1.2929544211864068,7.04470142222004,4,16,8.833333333333334,1.1837991180037417,13.86392811296534,0.7913980752405948,106.0,0.6134663925621916,0.5,0.11243367036045426
1.2086880747393371,6.109643767781177,4,15,8.333333333333334,1.1471992180410902,9.01077223635974,0.7458609271523179,102.5,0.486726378242382,0.49666666666666665,0.29435349270578853
1.0487768681301148,3.9428478639713567,4,18,9.0,1.2011316434597588,5.475995018565245,0.6502941700837939,97.0,0.6215465947729213,0.5266666666666666,0.06185877866432832
1.1853686797572773,6.38503151193753,4,14,7.833333333333333,1.1400804203954908,3.762142894206253,0.6415228607009429,96.0,0.5997220595998369,0.5133333333333333,0.0888090904092933
1.1606869981318657,5.621606134428559,4,15,8.166666666666666,1.180981465613878,3.122731376830476,0.6783018787832481,99.33333333333333,0.5961754183152368,0.5266666666666666,0.14912033663100355
1.0046182109144248,4.809563133469375,4,16,8.5,1.173308549059376,18.086122455115657,0.8033140507465412,105.66666666666667,0.5753807701322604,0.5033333333333333,0.19205021727888383
1.135396845257378,4.7650692865066375,4,16,8.166666666666666,1.1539361323464654,16.771089265093323,0.7180217279477544,101.0,0.523683469621676,0.54,0.27383871449373665
1.1124709002784101,4.864015153037707,4,15,8.333333333333334,1.1730650851113613,5.300238353217035,0.7331278705291577,100.0,0.6342242367467739,0.5033333333333333,0.15598678563523494
0.8696740856291302,2.718300507641914,4,17,8.833333333333334,1.1901160743732466,5.2949248862520175,0.7163264419556232,100.25,0.6641846383559188,0.4866666666666667,0.16353461565558747
0.9884475003921762,3.958380411536537,4,15,8.333333333333334,1.1639236993283018,10.156284984998432,0.7353416630315709,98.6,0.549968016343903,0.5433333333333333,0.2716291436631356
0.8645119790792426,3.2353253497118355,4,16,8.5,1.1862499873228913,6.657779574446241,0.7057291666666667,96.0,0.5269183667335077,0.52,0.2681660413835957
0.9422109826141416,3.886774685149487,4,15,8.333333333333334,1.1904318581912257,2.86790792882983,0.745325022497458,100.8,0.6924016807791158,0.5633333333333334,0.11902836791408
0.7723285832533916,2.4321061529547983,4,16,8.666666666666666,1.1836294627542943,7.2968490878938645,0.7391869918699188,101.0,0.5428230757368498,0.5,0.3095457752563985
1.3042197278133087,6.591360318171845,4,14,7.666666666666667,1.1430725948049327,11.491517630301772,0.7068053274949827,95.66666666666667,0.5446175474581135,0.58,0.2500296302440901
0.9299943643485129,3.175359599854849,4,16,8.166666666666666,1.1695743512986347,16.396877201078826,0.7420068672155113,100.33333333333333,0.5867563998436139,0.5366666666666666,0.20684194386307375
0.9081282958512893,3.2295816521344065,4,15,8.166666666666666,1.1694962212114481,3.1463069715975545,0.6934489133679335,103.33333333333333,0.6171938342973795,0.5466666666666666,0.1756020182261202
1.2902693095476403,7.335274678073553,4,15,7.833333333333333,1.1471687195136404,15.93737296174172,0.6809702335245494,100.0,0.4542313911278638,0.5633333333333334,0.341440660779323
1.1276063413791932,4.748723239559784,4,14,8.0,1.17254018879887,11.2559854379239,0.6457137733142038,95.5,0.47677271598607623,0.5466666666666666,0.2778793026544934
1.22692619180505,5.2080848698651065,4,16,8.666666666666666,1.215412700661344,12.41523949022226,0.732824427480916,96.0,0.521438103624366,0.5633333333333334,0.18568819310877205
1.3781208217687504,9.318700193738902,4,15,8.0,1.1354428476207366,13.945937868898952,0.672729778145239,98.0,0.5271074230328826,0.59,0.20678460390296582
0.8082385837283494,3.197529046792371,4,16,8.166666666666666,1.1944360896225172,9.323759122737687,0.7223267025992994,97.0,0.5237321292201361,0.5466666666666666,0.27294411616992376
0.9998517559876599,3.939248701956764,4,15,8.166666666666666,1.1683192119282062,8.520717364128032,0.6495151704723178,96.5,0.5234921909715292,0.5366666666666666,0.26985119623898357
1.1036944068972159,4.8266812887624875,4,16,8.166666666666666,1.142071157723348,7.534631663490653,0.6258385484669757,92.5,0.5126330084997656,0.5566666666666666,0.21177133012101768
0.9993884743702652,4.603041691607251,4,16,8.0,1.1875493162362298,9.846586260120565,0.7186151295170826,97.0,0.6291181821620523,0.5133333333333333,0.15718021173705699
0.9541058702628358,3.4519820764399727,4,16,8.166666666666666,1.1599676595947963,5.126946158412318,0.6975132934037044,100.0,0.6222082803183989,0.5133333333333333,0.19978324154948823
0.9575330985469195,3.6077376171516886,4,15,8.5,1.1800236831947077,11.95589181803187,0.7118010716464727,97.5,0.603770675448535,0.57,0.1443678973922874
0.9917951620689853,3.2948025241680954,4,15,7.666666666666667,1.1824463223387913,10.21853486806443,0.710691823899371,113.0,0.5170611751933823,0.47,0.2416176128662395
1.276332647736462,6.198101172669755,4,13,7.333333333333333,1.1463311371560412,3.646676126521445,0.6953008823237831,99.0,0.5074714795213064,0.4866666666666667,0.25661655763322533
1.2246508686561854,6.4859957668997295,4,14,7.833333333333333,1.1251803713672046,7.2049461469009195,0.6809050170946231,97.0,0.4990652217937693,0.5266666666666666,0.2703592660325263
1.4112149624711847,8.952966652387278,4,15,8.166666666666666,1.142801818087323,7.654673326986922,0.6894528229758589,98.0,0.6391871494809129,0.5166666666666667,0.09211549355214477
0.9168069430168675,3.356453909781742,4,16,8.833333333333334,1.1895056882908313,16.592043491858163,0.7903981264637002,103.5,0.437097141341147,0.5333333333333333,0.334861562478094
1.1832083370030557,5.152374321280678,4,15,7.833333333333333,1.1450298841128606,19.84093140051179,0.7748659916617033,101.0,0.5332625033545115,0.5133333333333333,0.2491694601400719
1.0487126984989936,4.05119029410974,4,16,8.666666666666666,1.1937632974961332,4.274460824139519,0.6834652083055445,96.33333333333333,0.6271397891258299,0.51,0.13936780221024403
1.3079428865648233,6.201880328757705,4,16,8.5,1.1646308294793462,16.845507812047636,0.7876453675769062,108.66666666666667,0.48753618364708085,0.48333333333333334,0.3296562254067069
0.8817272923611493,2.9274952951729243,4,18,9.0,1.2060076897928778,3.246348002958581,0.655448717948718,98.0,0.6387718989910169,0.52,0.0796461231648189
0.8011036570255522,3.7793161889082683,4,15,8.333333333333334,1.1703273640082572,3.952047239620785,0.6531021572472812,97.5,0.5702295484405053,0.5266666666666666,0.09598673796378754
1.1359328713265602,5.456516460710125,4,16,8.666666666666666,1.1909531322712088,3.8564206240711014,0.6987179487179487,109.0,0.6145862032830134,0.48,0.1530971813180917
0.9420272245571447,3.1902338989341454,4,16,8.666666666666666,1.1995403085166203,10.208033435843749,0.7136540600667409,99.0,0.5143357480757902,0.5166666666666667,0.11592148694936943
1.1106532838919205,4.776038193075702,4,17,8.5,1.1652027829923473,7.8046769762458545,0.6564039408866995,96.5,0.5624449570235406,0.58,0.18683399594128836
1.1352919441689562,4.497621902932779,4,14,7.666666666666667,1.137316595670206,7.873899112968347,0.7050359712230215,98.0,0.5183521028933641,0.5366666666666666,0.13743211646602238
1.0869964317446636,4.830183804983153,4,14,8.0,1.1628551742497648,3.4943769412835053,0.6669642857142857,99.5,0.5429521412961964,0.5333333333333333,0.18186128355925169
0.9735679421618922,3.690867784999958,4,14,7.833333333333333,1.1603350774965462,5.371685533709383,0.7005769373377827,98.66666666666667,0.5423288894772709,0.5166666666666667,0.13729682234373541
1.1723670202705394,5.908557139579268,4,17,8.333333333333334,1.1961236700307356,16.36052051790725,0.7740830755634114,104.5,0.5062818424803813,0.5133333333333333,0.27209302986088524
1.1736490872913738,6.203040686092731,4,16,8.166666666666666,1.1645387585471045,13.715704736610274,0.7165664666563397,99.66666666666667,0.6203169597812277,0.5266666666666666,0.14234143557599388
1.1085733447687431,3.9114436130433248,4,17,8.333333333333334,1.1578128184401781,5.795822300676669,0.6636363636363636,98.5,0.5094244909901118,0.55,0.23455843242586383
0.9458284606254246,4.058154178225277,4,15,8.0,1.176506880767424,18.998518634024634,0.7567901234567902,104.0,0.581434129106587,0.55,0.20085202436863625
0.792770692583872,2.276282767638454,4,16,8.166666666666666,1.1795456930374921,6.1366710078140665,0.7199258391881344,100.33333333333333,0.6802907209720873,0.5333333333333333,0.07234126417638898
1.1505080186368073,4.970832705135227,4,15,8.166666666666666,1.1681126137067301,0.6177020771798811,0.63700213371266,95.5,0.5611272240755106,0.5066666666666667,0.15317710819000108
1.25738305777535,5.590256178449918,4,16,8.666666666666666,1.167755314939921,4.2477132547423775,0.7101578728707936,110.5,0.5724712877069831,0.44666666666666666,0.1414992669302536
1.1123528949882142,3.8812073095386515,4,17,8.666666666666666,1.2157917338123148,10.161711270341705,0.7410585404971932,101.5,0.5394736795330666,0.5166666666666667,0.1672058318151165
1.027053098052867,3.7305443304682426,4,14,7.5,1.162092479699455,5.567237952018678,0.7083333333333334,102.0,0.5674554343119887,0.52,0.1999469726039772
1.0900723246135315,4.47728895467137,4,16,8.666666666666666,1.1726615857232525,8.526810635119858,0.6455146754857379,94.5,0.549530517856847,0.59,0.23049724788445247
1.0699885147487949,4.20229046684218,4,16,8.333333333333334,1.1874694201082514,19.588974562429794,0.7542654299782434,100.0,0.5283206556414631,0.5266666666666666,0.2559358397327087
1.3600536705046407,6.780530666843253,4,16,8.833333333333334,1.1931725715045527,5.371685533709383,0.7025769373377827,98.66666666666667,0.48777744298721887,0.5166666666666667,0.27908555601596835
0.9494044152828365,3.8218055550468626,4,14,8.333333333333334,1.1714674894626116,23.08704686098173,0.7546433588262837,105.0,0.5436419928350251,0.5033333333333333,0.2442917246596672
1.1912584904496264,5.880211029946214,4,18,8.666666666666666,1.1167575499385785,5.370855804659179,0.6675338627023418,95.0,0.502984351298815,0.5266666666666666,0.19818878495431502
0.8578355104355018,2.732518247927006,4,17,8.333333333333334,1.1931632949665876,9.584648397180523,0.739716788338741,105.0,0.5823470841053489,0.5033333333333333,0.10262987190169748
0.9659353338313234,3.599589668239608,4,16,8.666666666666666,1.2029391017802384,8.41297973516223,0.7214237649207856,97.25,0.5886567757354212,0.5233333333333333,0.2224337836123722
1.313026866745248,6.759728929004396,4,14,8.0,1.1561639824496417,23.734260610991907,0.8392444166584507,105.25,0.5376450894388722,0.5066666666666667,0.2948551070619889
1.2357120665747452,5.005697433449541,4,15,7.833333333333333,1.125245608278947,6.283244680851064,0.7044776119402985,100.0,0.45290625017897906,0.5,0.28235003218311366
0.9773677458695875,3.814218445142648,4,17,9.0,1.217623731399368,15.676310139222641,0.7320261437908496,112.0,0.5124964063375045,0.49,0.22278752499259646
1.039747576492239,3.4655500547073954,4,16,8.166666666666666,1.17736255058676,2.2878095960957503,0.653690932311622,97.33333333333333,0.4976232503003868,0.58,0.130688941125101
1.1874684516930998,5.490430184382264,4,15,8.0,1.1476750097115518,14.18240426060825,0.800530738611234,107.66666666666667,0.6326065229843408,0.49333333333333335,0.1792709384461878
1.0451776178078176,3.593161258500397,4,15,8.166666666666666,1.1170444363784036,6.461516969829303,0.7429418407679277,108.5,0.6396344801671793,0.4866666666666667,0.042379957343766206
1.0495523256483166,3.5937404119994234,4,16,8.333333333333334,1.1673838209456608,15.10382290797541,0.7699073045261702,101.5,0.5943138585525795,0.52,0.22214079447275703
1.1017961081978094,4.4968640637369175,4,16,8.666666666666666,1.2028594335823117,5.798994596794142,0.6418293936279548,95.5,0.4285465705601828,0.5366666666666666,0.20645474862673502
1.1663884749805946,5.100779442722461,4,14,7.666666666666667,1.1371101910319321,14.788229328083219,0.7246376811594203,100.0,0.4881963216553349,0.54,0.22318200394540355
0.8239809986661113,2.5258264477325207,4,15,8.0,1.2034591683430824,12.641683560520791,0.7491746125250985,103.66666666666667,0.4718749409825972,0.47,0.2750632431677993
0.9095865459216417,2.628783349271684,4,15,7.833333333333333,1.185056840920178,9.198390894819466,0.6885685011709602,95.66666666666667,0.6214641871579765,0.5333333333333333,0.11956004792354924
1.0656356960539148,4.708118928365819,4,15,8.166666666666666,1.1608192870986336,12.401367100038804,0.6978561046511628,102.5,0.520331236901535,0.5733333333333334,0.34231331905847096
0.9584406922133247,3.8003631244002958,4,15,8.5,1.1389759312074397,19.174675768309505,0.6529557668458041,94.5,0.5712449066758402,0.59,0.22561433984633583
1.033027447855073,4.301866320549619,4,14,8.0,1.1342793872662835,8.29326923076923,0.7305642361111111,99.0,0.6365316652528284,0.5,0.17069884895425502
1.2070404167470006,5.022848514811372,4,15,8.333333333333334,1.1992134470227103,4.800855875589777,0.6766803351756107,101.0,0.6238323920237911,0.5266666666666666,0.15807482283532726
1.1239139176941182,3.907593834831354,4,13,7.833333333333333,1.1713358433634355,10.26822992212789,0.671620217715344,99.0,0.5346978598931483,0.5633333333333334,0.18458429993886583
1.1158249451066589,5.242258731112197,4,16,8.166666666666666,1.1370272271128288,6.3223071524616525,0.6470148238814089,95.5,0.5870847231371754,0.57,0.13426534562178938
1.1006071166810287,5.669631262492605,4,13,8.0,1.1628748348638593,2.552930843195265,0.693561872909699,102.0,0.6211958727773399,0.48,0.0790376362137184
0.9595136634146739,4.654059204961197,4,16,8.5,1.1616631087613147,3.1453729817285776,0.6870748299319728,101.0,0.5627482360620663,0.51,0.21365591169578324
1.217526053930141,5.672170454330109,4,14,8.0,1.2099927128295327,1.0495499529801622,0.6709469369657747,97.0,0.6027867231664078,0.5433333333333333,0.19015873790083793
1.2328982855255692,5.717765910068522,4,15,8.5,1.1826368891758934,9.435386473429952,0.7614671787107812,102.75,0.5783374192436934,0.46,0.21478738124630525
1.1478278559901967,6.643825471838718,4,15,8.0,1.1803255746480523,14.685942397725185,0.7375886524822695,104.0,0.4746745768666244,0.53,0.2829190437626118
1.1434372561660684,5.940635477091791,4,16,8.666666666666666,1.1816289371272926,5.8466414514197105,0.6686840078416102,99.0,0.6562995838283466,0.58,0.11417890331169156
1.1190944947968808,4.502612807665933,4,14,8.166666666666666,1.1515623743129844,14.786367485054253,0.7734819734345351,107.0,0.6264475607236758,0.48333333333333334,0.13456634945233925
1.084466265473258,4.849438011946339,4,15,8.333333333333334,1.1701930885266247,3.8779250872135975,0.6681292843585012,95.66666666666667,0.6214534965925124,0.5133333333333333,0.09268573001044533
1.0292933521330625,3.40408391806717,4,14,8.0,1.1438496630128363,11.942661393157406,0.6545893719806763,97.0,0.555941865294725,0.54,0.25180029593039654
0.8979892258901286,2.6635297365504265,4,15,8.166666666666666,1.1740384020724044,8.077171493902396,0.7131421744324971,103.5,0.43787332732839584,0.48333333333333334,0.3275039233552954
1.1263284426126596,3.719962223574121,4,15,8.5,1.158584851292522,5.717045365823236,0.7165288045288044,102.33333333333333,0.570850338592659,0.4633333333333333,0.09541774075825282
0.8000479812542123,2.350121716569223,4,15,8.5,1.1708262136975305,26.27705111781544,0.7847707847707848,102.0,0.46112667507393584,0.5233333333333333,0.36529382282571127
1.291653528897617,6.951336143802476,4,16,8.166666666666666,1.151916269838521,20.378980901304274,0.682968458422466,99.5,0.5692815109542085,0.5766666666666667,0.2603665051729738
0.9440945765402484,3.8899272714572226,4,15,8.666666666666666,1.2219724584942018,10.386699829382938,0.6532548102859198,96.5,0.597660499472366,0.5533333333333333,0.14256978102663742
1.0394953049053337,4.0712831486879875,4,13,7.666666666666667,1.189217870861076,10.61921208942157,0.75,108.0,0.6251233069578426,0.52,0.24033525765369101
0.9230625504721941,2.7536542940704587,4,15,8.166666666666666,1.1751074101230834,8.261706671217702,0.7732939944798706,112.5,0.6943944650136028,0.47333333333333333,0.0252412115166476
1.176102948453775,5.219222512349989,4,17,9.0,1.1600355120342405,8.372420262664166,0.7552782087784767,104.0,0.5664491591034494,0.4533333333333333,0.17063505195154038
0.9661812403382448,3.0080788108326333,4,15,8.166666666666666,1.2154916616685607,11.69407538665141,0.6691422454168339,99.5,0.5412329832169889,0.53,0.28837232556587045
1.0382458127449539,4.917902037877534,4,16,8.666666666666666,1.1800601013115803,9.075581373513707,0.7022321428571429,104.5,0.5567133236587236,0.5333333333333333,0.2713657416788883
1.1809268359878424,5.786033291652982,4,15,8.333333333333334,1.1888417744635928,6.721229920536896,0.7080753483783452,99.0,0.6125682688383762,0.47,0.09695623717361623
0.950032681278052,3.2913808767234203,4,13,7.666666666666667,1.162148885882828,13.364075842440684,0.7876480242127203,102.0,0.5145705434328323,0.5066666666666667,0.3006305082919327
1.0345167318347117,4.456295992442136,4,15,8.0,1.1556318370078535,9.677140086803956,0.7741000803201761,105.0,0.5038869159346018,0.49,0.28079621338397986
0.8965998990850345,3.684706304168448,4,14,7.666666666666667,1.1738864231406734,18.67920578360819,0.7814193766937669,104.5,0.5594407151901405,0.52,0.26327410592425793
0.9240903105454108,3.327700701845398,4,15,8.5,1.1965830656048368,3.707924194130026,0.649790644275359,96.5,0.6127519427187169,0.5566666666666666,0.1394364989750564
1.0127555651436542,4.635365872698624,4,18,8.666666666666666,1.2028511992381876,7.133022656128064,0.6988838967337042,98.0,0.6075866111650345,0.5066666666666667,0.13601124802906772
1.152473461234876,4.708140241242074,4,17,9.0,1.1856636492906762,17.153685512541806,0.7573529411764706,103.0,0.4936546255669851,0.5466666666666666,0.27414836631282596
1.0434864594968387,3.503797371701074,4,15,8.5,1.1889275081657111,8.224695673385709,0.7622847754627943,102.25,0.5824895087919848,0.4866666666666667,0.15771904365614675
1.4001446297311482,7.810000834709635,4,16,8.666666666666666,1.1937852676544571,14.530210475921649,0.7577656413481773,102.75,0.6245743511183435,0.5066666666666667,0.136067132635751
0.9005976988851937,4.233160626964463,4,15,7.833333333333333,1.1806521894057027,14.958791208791208,0.7083867521367522,97.0,0.4514292873366472,0.52,0.290901268401791
1.4427855459775065,8.37335090164772,4,15,8.5,1.1634961907866026,8.819912409217988,0.7344086021505376,106.5,0.5815908803870729,0.48333333333333334,0.151192229231637
0.8591818624254941,2.6475216478162507,4,15,8.5,1.1739389968979896,6.632948646644424,0.7172413793103448,104.0,0.5440612028441651,0.5166666666666667,0.18220655516555995
1.045218924044679,4.825766327631532,4,15,8.333333333333334,1.1237691427245917,14.311144644421482,0.694000444000444,94.33333333333333,0.5028907212253974,0.56,0.2287120836123836
1.0248451327534192,4.444355737600898,4,15,8.0,1.1944327039850582,18.456882042312767,0.7646760831992372,99.5,0.45597524903190456,0.53,0.3474920212441541
1.0794324089731349,4.8195537006998155,4,16,8.333333333333334,1.150470119815432,19.385102369500494,0.762589928057554,106.0,0.5307563278060113,0.5366666666666666,0.19510404557646288
1.1083683756185134,4.865107889619765,4,15,7.833333333333333,1.1599235890334336,9.603765816491059,0.7376135534631993,99.0,0.5674203933229117,0.5266666666666666,0.1662640558145888
1.5772864477812385,9.295715555671105,4,14,8.0,1.1532760170729977,11.44281892252075,0.7429044072542791,104.0,0.45879185573922054,0.4766666666666667,0.25182295431911494
1.0998914792099812,4.5767429932439745,4,17,8.166666666666666,1.1438077011632501,0.8790274570410037,0.6797213894944419,98.33333333333333,0.6701665790832108,0.4866666666666667,0.0017722104930215643
0.895351138865383,3.3317594874435983,4,15,8.0,1.1939687533986867,9.744657248798216,0.6572527422511493,96.5,0.5498569713368229,0.5766666666666667,0.191389406475024
1.150199471645707,5.2517709871229385,4,16,8.0,1.157706507395123,10.585106000713584,0.7252169821185821,100.5,0.42959232546846476,0.5133333333333333,0.2913587136071966
1.0982486126674122,5.459855430594128,4,15,8.166666666666666,1.1415183501644133,9.092319953104443,0.695572931611669,97.33333333333333,0.6533562426304612,0.5466666666666666,0.14977252667229612
1.051564107913645,4.999381671377477,4,15,8.0,1.1619582216139024,21.972376412672357,0.8077075181959695,101.66666666666667,0.471428420457064,0.5366666666666666,0.304577612618097
1.215685882053259,4.727742047962275,4,14,7.666666666666667,1.1499354406125946,9.760114369474003,0.726027397260274,106.0,0.5476119483928015,0.5133333333333333,0.1878139199182498
0.9883275755380087,3.6898961106061634,4,16,8.333333333333334,1.1816498913996119,4.797418031983051,0.6588598808830773,98.0,0.6564996632118363,0.5433333333333333,0.05608510016590984
1.1800566800537733,5.741238799247622,4,15,8.0,1.1706752090056178,4.952818223024973,0.6629994209612045,99.0,0.5579288904783994,0.5233333333333333,0.15279545605449152
0.8371341602410791,2.68906004115002,4,16,8.333333333333334,1.170777926689846,11.759868421052628,0.7410714285714286,100.0,0.556936825133148,0.52,0.11379443098049713
0.9488118389271462,3.546102839311875,4,16,8.666666666666666,1.178029127055377,12.75683059955261,0.747787351268976,98.0,0.4783327934795076,0.53,0.30169969915577716
0.885351801718898,3.304555365800481,4,14,8.0,1.1826049596321646,8.238512688858842,0.7697490341426643,105.66666666666667,0.5921196657937191,0.47333333333333333,0.1849271551744618
1.025967514412065,3.978007990114749,4,15,8.166666666666666,1.1448786362172367,7.123757933757976,0.710223392839723,102.0,0.526955229874312,0.49,0.18712562555117096
0.879475991259444,3.4703399161365898,4,16,8.333333333333334,1.2036563235085465,6.4995481058012015,0.6643918105178643,99.0,0.5774774618316186,0.53,0.17485691390010116
1.2804964442928248,5.392273534307345,4,14,8.0,1.1615903331226716,15.211331320986595,0.7946787704982382,105.66666666666667,0.5358496095137163,0.49333333333333335,0.2526047795868155
0.8579261754349352,3.2515642148905615,4,15,8.166666666666666,1.160905011437489,7.510728305782653,0.720072736341964,100.33333333333333,0.4808830162072996,0.5266666666666666,0.3396884727045513
1.2729294799772104,6.0930067106878,4,14,8.0,1.1851179892204333,6.945694686475695,0.7608917913860441,104.66666666666667,0.6145552460251313,0.48333333333333334,0.11598284764406086
0.9815613167194407,3.4964907662019935,4,14,8.333333333333334,1.1390532602812948,0.09321732954545447,0.7358955474845306,100.6,0.7161860001872605,0.4666666666666667,0.09223756938128869
1.2945442708537456,6.427235654644588,4,14,8.166666666666666,1.1791616445434776,6.874153666809321,0.7120721904858197,100.5,0.5267283296051826,0.49666666666666665,0.12967530802419314
1.0331579854712796,5.098928169288535,4,16,8.833333333333334,1.179218194917049,6.586239535986256,0.7138404791555476,101.0,0.5872289947392708,0.4866666666666667,0.1916231301594412
1.5770325927066764,10.450078058827433,4,14,8.333333333333334,1.150390735838432,4.661780646573723,0.7030310453877333,98.66666666666667,0.6712656767253921,0.5233333333333333,0.08316989268047292
1.1074720860921172,4.655903224189281,4,15,8.166666666666666,1.1509161429559165,2.106588828442698,0.6724733845443713,96.5,0.6257227383593809,0.5266666666666666,0.11608886078680536
1.0523436046994836,4.449070620054387,4,15,8.333333333333334,1.1565131886713897,2.766050297897431,0.7723700715420461,103.8,0.647249600848062,0.4766666666666667,0.07825897567556128
1.0143410704047962,4.138919550409968,4,14,8.166666666666666,1.149199775807337,9.252432740698882,0.7729291889492623,106.33333333333333,0.5349331569050966,0.4766666666666667,0.25213838471179384
0.9746804104455963,2.9367083662421845,4,17,8.833333333333334,1.1663826393643129,8.585416679607757,0.6683393550113743,99.5,0.5430223889742732,0.53,0.17516829832374958
1.094139521559815,4.225356783547932,4,16,8.333333333333334,1.1863833174124587,21.945151164227568,0.7939338987722007,107.33333333333333,0.4437995577254009,0.49666666666666665,0.33154739563158353
0.9012045836706706,3.7170024564964956,4,16,8.166666666666666,1.1392524956985768,11.544376419758299,0.7112676056338029,101.0,0.4101817511253417,0.5266666666666666,0.2768710677928784
1.0841017986531076,4.652125553086275,4,16,8.166666666666666,1.1463274738207667,20.567908653846153,0.821677942579582,103.33333333333333,0.5008252823158238,0.52,0.2988840434141453
1.1454773297413694,5.3599173164966105,4,15,8.333333333333334,1.1719663242448706,20.08953923484116,0.752056691940625,106.66666666666667,0.44120432004113597,0.4666666666666667,0.2760213586033641
1.2253960705604443,6.062740273197919,4,17,8.5,1.196216446141356,9.061741311014563,0.6627906976744187,97.5,0.5087635208940468,0.5733333333333334,0.2332653817292374
1.0417296939280056,4.617196934885976,4,15,8.5,1.152766288406734,8.772458325763868,0.715642951833849,96.5,0.49891882197402937,0.5133333333333333,0.21876725737998604
1.0707002909880625,4.017063404932261,4,15,8.166666666666666,1.1711516310420536,3.083859633517168,0.6834489711202041,96.66666666666667,0.5932946461653807,0.5133333333333333,0.15480324549245317
1.007227722606818,3.971314495812153,4,17,8.833333333333334,1.1644534723071966,13.104289334781537,0.7575510204081632,103.0,0.6385244449426535,0.51,0.13127954434056832
1.4046610116355278,9.99870387033219,4,15,8.5,1.1840061327483309,9.59514620533753,0.6459948320413437,95.0,0.564557777501126,0.57,0.2152031201862371
1.1637879933150381,4.122941341599798,4,17,8.333333333333334,1.123792693734413,18.028846153846153,0.7785714285714286,109.0,0.4254258612816018,0.5333333333333333,0.2916745050707619
0.8895200958738653,3.6957857582898637,4,14,8.166666666666666,1.1551340810836652,8.221654513929256,0.7123287671232876,104.0,0.4962292879265613,0.5133333333333333,0.28312775151292646
1.0116130258900995,4.398372832203417,4,15,8.0,1.1571672010492606,9.53998143255189,0.7375886524822695,104.0,0.5428375481922143,0.53,0.23851386380917994
0.896161844111418,2.719462989993973,4,14,8.166666666666666,1.1646258708789816,3.900259001574323,0.7030195080576761,100.66666666666667,0.5252791128039447,0.5,0.2747521010912949
1.0581336879610985,4.49220789139738,4,17,8.0,1.150372359338494,4.920473867211075,0.6436342384463226,95.5,0.5711283949981474,0.5533333333333333,0.18223723417259474
1.255749478787246,5.850481502470437,4,13,7.833333333333333,1.1324280343279283,20.14075073722234,0.7121919541216529,97.0,0.5603505826683391,0.5466666666666666,0.2837040301835426
1.2468952888024352,6.241735741881271,4,15,7.333333333333333,1.1466359219667928,9.742051542603932,0.7114093959731543,106.0,0.4773508084210004,0.5033333333333333,0.2404360022967631
0.996294197681204,3.2925224256430954,4,16,8.333333333333334,1.1516164293341233,8.48473218728924,0.691556269235916,103.0,0.6347145478325106,0.53,0.16292485955325575
0.9985457546425516,4.126367669129072,4,14,7.666666666666667,1.1576360804656651,11.514418791228383,0.6991744182865595,98.33333333333333,0.6013625288184103,0.5266666666666666,0.18177179504340024
1.1338162922228257,5.438523126770075,4,15,8.333333333333334,1.1869509535456844,4.802067347085351,0.7124183006535948,109.0,0.5619500686807772,0.49,0.17536702781620106
1.1815329039650686,5.054841842821006,4,15,8.5,1.1851963034313187,15.954136871075072,0.7448865452221157,102.5,0.5819883922809049,0.5033333333333333,0.19779360161439874
1.204599667739186,5.776533751938745,4,15,8.166666666666666,1.1426418631714093,6.924415073752687,0.6545564030509836,97.5,0.5414906108731123,0.53,0.19197961723846946
0.8373042777699657,1.9538580569343682,4,16,8.666666666666666,1.1985452972262887,4.857048005539641,0.6563182040889047,98.0,0.6143647469941453,0.5233333333333333,0.1351569426955328
0.9527996925019129,3.3169728014540123,4,17,8.666666666666666,1.1508528170735168,7.4569117416125135,0.7007299270072993,96.0,0.4479601077379741,0.5433333333333333,0.2916235662920389
0.8273747327983673,2.461075368957257,4,15,8.166666666666666,1.1720634703686126,2.3944142862960196,0.6981855534593872,100.25,0.703007260898048,0.5666666666666667,0.030204977140294353
1.060700001243171,4.127581055260051,4,16,8.166666666666666,1.1870878675611927,9.728693061938483,0.6975729316116691,97.0,0.5023812770518076,0.5466666666666666,0.25667904378681516
0.9478882308029751,3.0837892281534094,4,17,8.833333333333334,1.1970209708750204,10.06683435972472,0.7235186951096041,100.66666666666667,0.5844205673655046,0.52,0.16150111172436954
1.0709797839526347,4.689884159436183,4,16,8.5,1.1574397997235089,5.553699634167293,0.6855060717370658,95.66666666666667,0.5452692160319687,0.5366666666666666,0.17463041252797162
1.0264559819721928,4.048036052128611,4,17,8.666666666666666,1.1982818989966755,1.2900702123127537,0.6649369738541713,99.5,0.618782968768063,0.5233333333333333,0.037456990404662105
1.0153208652329067,4.198033563811674,4,15,8.5,1.1636431208315858,13.13454845668031,0.7361908970393283,99.5,0.4863712947172932,0.5133333333333333,0.22579254993022507
1.0466307058429831,3.7621397614039056,4,14,8.166666666666666,1.172883005300253,16.517629738648896,0.7696768848384423,100.5,0.5050509627340047,0.5266666666666666,0.28209298796903726
1.0232356373040679,4.708993457860119,4,15,7.833333333333333,1.1496573358457491,15.45919979306493,0.7320677381080789,100.0,0.47070288239064656,0.5133333333333333,0.2953670093085375
1.1373764636493848,4.931517130173723,4,13,7.833333333333333,1.108417637160773,16.959423956314847,0.7811348563006633,100.0,0.5882855911472349,0.54,0.19335167510066897
1.1259173388152905,4.5698207261326305,4,19,9.166666666666666,1.210417266234679,12.040264573142363,0.7189478231079732,98.0,0.5891684178585239,0.5366666666666666,0.19540090693611012
1.2578517093530646,6.988940569747849,4,14,7.833333333333333,1.1691862145520038,11.913083625114936,0.7643772486975885,100.5,0.5556707421343078,0.54,0.25351512078561866
1.1560947387874987,5.092599793583657,4,15,8.5,1.1946728442539205,15.242302143856001,0.7725464190981433,100.0,0.5922699075673232,0.5233333333333333,0.19325453482212274
0.7282573647434403,2.2197170273395415,4,16,8.333333333333334,1.184368778605849,11.186377242169613,0.7067501292448809,98.33333333333333,0.5892337469327701,0.53,0.224069845664149
1.3325290240154448,5.980629664971298,4,15,8.333333333333334,1.1757569744140504,4.881013132261747,0.7134776593203419,98.25,0.6151094213837878,0.5666666666666667,0.16735953719784613
0.9253791048508302,3.4774887523263542,4,16,8.666666666666666,1.1852902685253592,4.891924442190667,0.6902025177887247,102.0,0.5592051334131464,0.58,0.19875493468580696
1.0050080480208115,3.7616625068067107,4,16,8.833333333333334,1.2071552529410452,8.239191266065381,0.6814814814814815,101.0,0.617987291971784,0.55,0.1477726411958874
1.1296873168873165,5.265541159253696,4,13,7.666666666666667,1.1590647694759608,15.662512361425996,0.6928708969593838,102.5,0.6356463834427057,0.5433333333333333,0.20072448168586432
1.1552107022397604,5.6762551989428465,4,16,8.333333333333334,1.1837078331351167,10.266337940134733,0.7669562312061478,103.0,0.5960114706224793,0.5133333333333333,0.15895027671897388
1.2392111415720104,6.6957807870706265,4,14,8.0,1.2118239452783959,21.773116903969537,0.7672784671354157,100.33333333333333,0.5792296603450449,0.49666666666666665,0.23390647943230536
1.0088604732282334,4.906186741978434,4,16,8.666666666666666,1.1484058961997048,1.1120237568711702,0.6339869281045751,95.0,0.5688601672679431,0.51,0.12172085824797352
0.9560538251051834,2.872528086690558,4,14,8.0,1.1779571325720497,5.042240670836176,0.6627510760401721,98.5,0.5404763846859022,0.5466666666666666,0.21984502215778523
1.1812253157897745,4.536809339247396,4,16,8.166666666666666,1.1753441598636722,3.3957161647314953,0.7384335920105614,101.6,0.7619051225377905,0.48,0.021757271854274562
1.095924489506234,4.82505831334656,4,16,8.166666666666666,1.177560551456421,5.895711918729248,0.6858642569621702,101.0,0.5774100571551574,0.5433333333333333,0.07094796667983205
1.060704719156575,4.791051722286495,4,14,8.0,1.1975161606214983,12.325716456558471,0.6468013468013467,95.5,0.5598734969061196,0.55,0.22287095673772694
1.042547143198171,2.9000838862671987,4,14,8.166666666666666,1.194074037011262,4.682499110953058,0.6956863344423153,97.0,0.6102800093496772,0.5066666666666667,0.11920269938577122
0.9151543585933023,2.539543286589359,4,16,8.5,1.1609863531972824,6.682417350477859,0.7046971118757167,98.66666666666667,0.5858897898925837,0.5366666666666666,0.16487789406918063
1.0657210892315343,4.695371286326463,4,14,7.833333333333333,1.1314307175485643,19.356060681630918,0.8171822122785424,107.75,0.5897217621675321,0.49333333333333335,0.22313756408439223
0.8311505981043683,3.293343672739584,4,15,8.0,1.154284746652793,6.209604016828397,0.6971830985915493,99.0,0.4566222063294604,0.5266666666666666,0.34193936090056753
1.234956086948446,6.124003335156208,4,15,8.0,1.1640069183645128,11.966458205058004,0.740571246823721,99.0,0.545703106028687,0.5433333333333333,0.23357402530723081
1.1666837372200325,5.382696936960403,4,16,8.333333333333334,1.1843562018097138,15.774069319640564,0.7855210109755565,104.0,0.515771059858281,0.5,0.29285358810620743
0.979927009592463,2.8679393596233416,4,16,8.666666666666666,1.2194737739606785,14.19369035330785,0.7212382200442667,98.66666666666667,0.6741667332942272,0.53,0.07491862784228653
0.8204315086943736,1.7600521889100498,4,17,9.0,1.2069918635851575,1.6142816924066907,0.7160179401711216,100.0,0.6199220153272965,0.5066666666666667,0.12941080145656725
1.1415452475705161,5.747576631416968,4,15,8.333333333333334,1.1261225708537557,10.96482094899929,0.7486844834104239,106.33333333333333,0.6353525040044881,0.47,0.18827383523761732
1.2938956318910757,8.624757146685287,4,15,7.833333333333333,1.1482464841373081,12.68701960978872,0.7347711811997526,102.5,0.5207746387693689,0.51,0.1596772870095775
0.9081118158369087,2.717141665516319,4,16,8.0,1.14847377481426,20.979917159132995,0.7234185095400649,98.33333333333333,0.5221150199723688,0.5466666666666666,0.3010121055422814
1.0782689901736413,4.583612671502275,4,15,8.166666666666666,1.1900934987942005,4.807499305190995,0.7223982059035309,100.0,0.5840333806658079,0.53,0.2066931031766185
1.3744364460265843,7.386380156387116,4,16,8.5,1.1787764921820976,1.7795305786367503,0.7379931139122315,103.5,0.6158164209443103,0.48,0.1626469239898718
